Tempo (s),Corrente i(t) [A],Tensão R [V],Tensão L [V],Tensão C [V]
0.0,0.0,0.0,0.0,0.0
1.001001001001001e-05,5.003897578833161e-10,5.003897578833161e-08,4.9999980505008735e-05,5.008906485318479e-11
2.002002002002002e-05,2.0008161994916803e-09,2.0008161994916802e-07,9.98998591091213e-05,2.503709667042038e-10
3.003003003003003e-05,4.4993516229407945e-09,4.4993516229407945e-07,0.0001496997323317503,7.007565145461252e-10
4.004004004004004e-05,7.993775400419013e-09,7.993775400419013e-07,0.0001993997115641758,1.5009342323057862e-09
5.005005005005005e-05,1.2482925674574391e-08,1.248292567457439e-06,0.0002489998562904776,2.7504763418727924e-09
6.006006006006006e-05,1.796458423637107e-08,1.796458423637107e-06,0.0002985002782886348,4.548733022190216e-09
7.007007007007007e-05,2.4436655191132748e-08,2.443665519113275e-06,0.00034790108286985677,6.994844652934235e-09
8.008008008008008e-05,3.189704264418308e-08,3.189704264418308e-06,0.00039720237534535303,1.0187741814514123e-08
9.009009009009009e-05,4.034365070084568e-08,4.034365070084568e-06,0.0004464042610263329,1.422614528807225e-08
0.0001001001001001001,4.9774383466444255e-08,4.977438346644425e-06,0.000495506845224006,1.9208566055484083e-08
0.0001101101101101101,6.018714504630239e-08,6.018714504630239e-06,0.0005445102332495813,2.5233305299358195e-08
0.00012012012012012012,7.157983954574379e-08,7.157983954574379e-06,0.0005934145304142687,3.239845440303625e-08
0.00013013013013013012,8.395037107009205e-08,8.395037107009204e-06,0.0006422198420292773,4.0801894950593005e-08
0.00014014014014014013,9.729664372467086e-08,9.729664372467086e-06,0.0006909262734058168,5.0541298726836336e-08
0.00015015015015015014,1.1161656161480388e-07,1.1161656161480387e-05,0.0007395339298550965,6.171412771730721e-08
0.00016016016016016016,1.2690803523292525e-07,1.2690803523292525e-05,0.000788042916424182,7.441763474763006e-08
0.00017017017017017017,1.4316945418600559e-07,1.4316945418600559e-05,0.000836453318346005,8.874891144292591e-08
0.00018018018018018018,1.603991121496842e-07,1.6039911214968423e-05,0.0008847652248208075,1.0480487862507649e-07
0.0001901901901901902,1.7859503507676513e-07,1.7859503507676514e-05,0.000932978736120707,1.2268225951364157e-07
0.0002002002002002002,1.9775524892005215e-07,1.9775524892005216e-05,0.0009810939525178206,1.4247757972585898e-07
0.0002102102102102102,2.1787777963234904e-07,2.1787777963234902e-05,0.0010291109742842654,1.6428716727664463e-07
0.0002202202202202202,2.389606531664598e-07,2.3896065316645982e-05,0.001077029901692159,1.882071525785926e-07
0.00023023023023023022,2.6100189547518825e-07,2.6100189547518825e-05,0.001124850835013618,2.143334684419748e-07
0.00024024024024024023,2.8399953251133817e-07,2.8399953251133818e-05,0.0011725738745207602,2.4276185007474137e-07
0.00025025025025025025,3.0795159022771353e-07,3.079515902277135e-05,0.001220199120485702,2.735878350825205e-07
0.00026026026026026023,3.3285609457711806e-07,3.328560945771181e-05,0.0012677266731805615,3.069067634686184e-07
0.0002702702702702703,3.5871107151235586e-07,3.587110715123559e-05,0.0013151566328774556,3.428137776340194e-07
0.00028028028028028026,3.8551454698623047e-07,3.8551454698623043e-05,0.001362489099848501,3.814038223773858e-07
0.0002902902902902903,4.132646136561213e-07,4.132646136561213e-05,0.0014097241742271505,4.2277165157219275e-07
0.0003003003003003003,4.419594017683265e-07,4.4195940176832654e-05,0.001456861956068717,4.670118319293826e-07
0.00031031031031031033,4.715969621048494e-07,4.715969621048494e-05,0.0015039025455937033,5.142187350429812e-07
0.0003203203203203203,5.021753450143493e-07,5.021753450143493e-05,0.001550846043023512,5.644865373467197e-07
0.0003303303303303303,5.33692600845486e-07,5.3369260084548594e-05,0.0015976925485795474,6.179092201140357e-07
0.00034034034034034034,5.661467799469192e-07,5.661467799469192e-05,0.001644442162483212,6.745805694580716e-07
0.0003503503503503503,5.995359326673085e-07,5.995359326673085e-05,0.0016910949849559098,7.34594176331676e-07
0.00036036036036036037,6.338581093553133e-07,6.338581093553134e-05,0.0017376511162190437,7.980434365274032e-07
0.00037037037037037035,6.691113603595934e-07,6.691113603595935e-05,0.001784110656494017,8.650215506775127e-07
0.0003803803803803804,7.052937360288086e-07,7.052937360288087e-05,0.0018304737060022335,9.356215242539699e-07
0.0003903903903903904,7.424032867116181e-07,7.424032867116181e-05,0.0018767403649650957,1.0099361675684464e-06
0.0004004004004004004,7.80438062756682e-07,7.80438062756682e-05,0.001922910733604008,1.0880580957723184e-06
0.0004104104104104104,8.193961543723931e-07,8.193961543723931e-05,0.001968984912006797,1.1700797328466319e-06
0.0004204204204204204,8.592757331161749e-07,8.592757331161749e-05,0.0020149629999886777,1.256093319745148e-06
0.00043043043043043043,9.000748797329332e-07,9.000748797329332e-05,0.0020608450976691917,1.3461909053040002e-06
0.0004404404404404404,9.417916690552344e-07,9.417916690552344e-05,0.0021066313051876923,1.4404643456498695e-06
0.00045045045045045046,9.84424175915646e-07,9.84424175915646e-05,0.002152321722683534,1.5390053041999842e-06
0.00046046046046046044,1.027970475146734e-06,0.00010279704751467339,0.0021979164502960707,1.6419052516621197e-06
0.0004704704704704705,1.0724286415810664e-06,0.00010724286415810665,0.002243415588164657,1.749255466034599e-06
0.00048048048048048047,1.1177967500512093e-06,0.00011177967500512093,0.0022888192364286467,1.8611470326062914e-06
0.0004904904904904905,1.1640728753897298e-06,0.00011640728753897298,0.002334127495227394,1.977670843956615e-06
0.0005005005005005005,1.2112550924291953e-06,0.00012112550924291952,0.002379340464700253,2.0989175999555336e-06
0.0005105105105105105,1.2593414760021723e-06,0.00012593414760021722,0.002424458244986578,2.2249778077635582e-06
0.0005205205205205205,1.3083301009412272e-06,0.0001308330100941227,0.0024694809362257224,2.3559417818317487e-06
0.0005305305305305305,1.358219058010603e-06,0.0001358219058010603,0.0025144086384884167,2.4918996454964745e-06
0.0005405405405405405,1.4090065240941864e-06,0.00014090065240941863,0.00255924145147443,2.632941339599997e-06
0.0005505505505505506,1.4606906140399915e-06,0.00014606906140399915,0.0026039794751507514,2.7791566162806764e-06
0.0005605605605605605,1.513269428979676e-06,0.0001513269428979676,0.0026486228095434525,2.930635037599963e-06
0.0005705705705705706,1.5667410700448994e-06,0.00015667410700448994,0.002693171554678605,3.087465975542396e-06
0.0005805805805805806,1.621103638367319e-06,0.00016211036383673188,0.00273762581058228,3.2497386120156005e-06
0.0005905905905905905,1.6763552350785923e-06,0.00016763552350785923,0.002781985677280549,3.417541938850294e-06
0.0006006006006006006,1.7324939613103789e-06,0.00017324939613103788,0.0028262512547994846,3.5909647578002826e-06
0.0006106106106106106,1.7895179181943362e-06,0.00017895179181943362,0.0028704226431651566,3.770095680542459e-06
0.0006206206206206207,1.8474252167925934e-06,0.00018474252167925934,0.002914499942347442,3.9550231296708465e-06
0.0006306306306306306,1.9062140210266807e-06,0.00019062140210266806,0.002958483252017085,4.145835343987831e-06
0.0006406406406406406,1.96588245652048e-06,0.000196588245652048,0.0030023726720615593,4.342620374670562e-06
0.0006506506506506507,2.02642864057768e-06,0.00020264286405776802,0.003046168302415418,4.5454660844380974e-06
0.0006606606606606606,2.0878506905019687e-06,0.00020878506905019686,0.003089870243013216,4.754460147551408e-06
0.0006706706706706706,2.1501467235970364e-06,0.00021501467235970364,0.0031334785937895088,4.969690049813373e-06
0.0006806806806806807,2.213314857166572e-06,0.0002213314857166572,0.00317699345467885,5.191243088568787e-06
0.0006906906906906907,2.2773532085142643e-06,0.00022773532085142644,0.0032204149256157954,5.419206372704348e-06
0.0007007007007007007,2.342259894943802e-06,0.0002342259894943802,0.0032637431065348985,5.653666822648672e-06
0.0007107107107107107,2.408033044954616e-06,0.0002408033044954616,0.0033069780973014103,5.894711171492978e-06
0.0007207207207207207,2.474670845731802e-06,0.0002474670845731802,0.003350119997417299,6.14242597086553e-06
0.0007307307307307307,2.5421714416962857e-06,0.00025421714416962854,0.003393168906649255,6.396897586650944e-06
0.0007407407407407407,2.6105329681405185e-06,0.0002610532968140519,0.003436124924820479,6.658212198076422e-06
0.0007507507507507507,2.679753560356949e-06,0.0002679753560356949,0.003478988151754169,6.9264557977117535e-06
0.0007607607607607608,2.749831353638026e-06,0.0002749831353638026,0.003521758687273524,7.201714191469313e-06
0.0007707707707707707,2.8207644832761994e-06,0.00028207644832761996,0.0035644366312017435,7.484072998604067e-06
0.0007807807807807808,2.8925510845639194e-06,0.00028925510845639196,0.0036070220833620266,7.77361765171357e-06
0.0007907907907907908,2.9651892927936357e-06,0.0002965189292793636,0.0036495151435775725,8.070433396737959e-06
0.0008008008008008008,3.038677254591131e-06,0.00030386772545911307,0.0036919159115923576,8.374605294094427e-06
0.0008108108108108108,3.1130131750851765e-06,0.0003113013175085176,0.00373422448674141,8.686218224533383e-06
0.0008208208208208208,3.1881952165286174e-06,0.0003188195216528617,0.0037764409686594706,9.00535688484656e-06
0.0008308308308308308,3.2642215321818057e-06,0.0003264221532181806,0.003818565457044139,9.33210578696686e-06
0.0008408408408408408,3.341090275305094e-06,0.0003341090275305094,0.0038605980515930144,9.66654925796837e-06
0.0008508508508508508,3.418799599158838e-06,0.00034187995991588377,0.003902538852003697,1.0008771440066353e-05
0.0008608608608608609,3.497347657003389e-06,0.0003497347657003389,0.003944387957973786,1.0358856290617243e-05
0.0008708708708708709,3.5767326020991015e-06,0.0003576732602099101,0.003986145469200881,1.0716887582118653e-05
0.0008808808808808808,3.6569525877063276e-06,0.00036569525877063277,0.004027811485382582,1.1082948902209376e-05
0.0008908908908908909,3.738005798399224e-06,0.0003738005798399224,0.004069386105957315,1.1457123656803893e-05
0.0009009009009009009,3.8198905663804266e-06,0.0003819890566380427,0.0041108694291416385,1.1839495084870001e-05
0.0009109109109109108,3.9026050893119375e-06,0.00039026050893119376,0.004152261554265656,1.2230146244961285e-05
0.0009209209209209209,3.986147539543729e-06,0.0003986147539543729,0.004193562580868968,1.2629160012683383e-05
0.0009309309309309309,4.070516089425771e-06,0.0004070516089425771,0.004234772608491177,1.3036619080693973e-05
0.000940940940940941,4.155708911308035e-06,0.0004155708911308035,0.0042758917366718845,1.3452605958702784e-05
0.0009509509509509509,4.241724177540492e-06,0.0004241724177540492,0.004316920064950692,1.38772029734716e-05
0.0009609609609609609,4.328560060473113e-06,0.00043285600604731127,0.004357857692867201,1.4310492268814257e-05
0.000970970970970971,4.416214732455867e-06,0.0004416214732455867,0.004398704719961014,1.4752555805596624e-05
0.000980980980980981,4.504686365838726e-06,0.00045046863658387257,0.0044394612457717315,1.5203475361736636e-05
0.000990990990990991,4.593973132971663e-06,0.00045939731329716627,0.004480127369838957,1.5663332532204272e-05
0.001001001001001001,4.684073206204644e-06,0.0004684073206204644,0.00452070319170229,1.613220872902155e-05
0.001011011011011011,4.774984757887644e-06,0.00047749847578876437,0.004561188810901333,1.6610185181262555e-05
0.001021021021021021,4.866705960370634e-06,0.0004866705960370634,0.004601584326975689,1.7097342935053414e-05
0.001031031031031031,4.959234986003581e-06,0.000495923498600358,0.004641889839464957,1.7593762853572286e-05
0.001041041041041041,5.052570007136458e-06,0.0005052570007136458,0.004682105447908741,1.8099525617049408e-05
0.001051051051051051,5.146709196119238e-06,0.0005146709196119238,0.004722231251846643,1.861471172276705e-05
0.001061061061061061,5.2416507253018885e-06,0.0005241650725301888,0.004762267350818262,1.913940148505953e-05
0.001071071071071071,5.3373927670343815e-06,0.0005337392767034381,0.004802213844363202,1.9673675035313226e-05
0.001081081081081081,5.43393349366669e-06,0.000543393349366669,0.004842070832021064,2.0217612321966548e-05
0.001091091091091091,5.531271077548781e-06,0.0005531271077548781,0.00488183841333145,2.077129311050997e-05
0.0011011011011011012,5.629403691030629e-06,0.000562940369103063,0.004921516687833962,2.133479698348601e-05
0.0011111111111111111,5.728329506462201e-06,0.0005728329506462202,0.004961105755068199,2.190820334048923e-05
0.001121121121121121,5.82804669619347e-06,0.000582804669619347,0.005000605714573766,2.2491591398166257e-05
0.0011311311311311312,5.928553651988186e-06,0.0005928553651988185,0.005040016663891437,2.308504021217909e-05
0.0011411411411411411,6.0298489059515315e-06,0.0006029848905951532,0.005079338699283501,2.368862869125331e-05
0.001151151151151151,6.131930679608718e-06,0.0006131930679608718,0.00511857191984158,2.430243556608902e-05
0.0011611611611611612,6.234797191154196e-06,0.0006234797191154196,0.005157716424687642,2.4926539389027382e-05
0.0011711711711711711,6.338446658782405e-06,0.0006338446658782405,0.005196772312943649,2.556101853405064e-05
0.001181181181181181,6.442877300687792e-06,0.0006442877300687792,0.005235739683731569,2.620595119678215e-05
0.0011911911911911912,6.548087335064805e-06,0.0006548087335064805,0.0052746186361733675,2.6861415394486338e-05
0.0012012012012012011,6.654074980107886e-06,0.0006654074980107887,0.005313409269391009,2.7527488966068704e-05
0.001211211211211211,6.760838454011483e-06,0.0006760838454011482,0.005352111682506461,2.820424957207586e-05
0.0012212212212212212,6.868375974970044e-06,0.0006868375974970044,0.0053907259746416875,2.8891774694695487e-05
0.0012312312312312312,6.976685761178008e-06,0.0006976685761178008,0.005429252244918654,2.9590141637756353e-05
0.0012412412412412413,7.085766030829828e-06,0.0007085766030829828,0.005467690592459328,3.029942752672831e-05
0.0012512512512512512,7.1956150021199434e-06,0.0007195615002119943,0.0055060411163856725,3.1019709308722295e-05
0.0012612612612612612,7.306230893242803e-06,0.0007306230893242803,0.005544303915819655,3.175106375249034e-05
0.0012712712712712713,7.417611922392854e-06,0.0007417611922392853,0.005582479089883242,3.2493567448425564e-05
0.0012812812812812813,7.5297563077645365e-06,0.0007529756307764537,0.005620566737698397,3.3247296808562146e-05
0.0012912912912912912,7.6426622675523e-06,0.00076426622675523,0.005658566958387086,3.40123280665754e-05
0.0013013013013013013,7.756328019950593e-06,0.0007756328019950593,0.005696479851071276,3.478873727778166e-05
0.0013113113113113113,7.870751783153854e-06,0.0007870751783153854,0.005734305514872931,3.557660031913839e-05
0.0013213213213213212,7.985931775356532e-06,0.0007985931775356532,0.005772044048914018,3.637599288924416e-05
0.0013313313313313313,8.101866214753076e-06,0.0008101866214753076,0.0058096955523165026,3.7186990508338564e-05
0.0013413413413413413,8.218553319537927e-06,0.0008218553319537927,0.00584726012420235,3.8009668518302315e-05
0.0013513513513513514,8.335991307905534e-06,0.0008335991307905535,0.005884737863693526,3.884410208265723e-05
0.0013613613613613614,8.454178416124916e-06,0.0008454178416124916,0.00592212886971209,3.9690366188375434e-05
0.0013713713713713713,8.573113258743893e-06,0.0008573113258743892,0.005959433236996337,4.05485356837452e-05
0.0013813813813813814,8.692794250978731e-06,0.0008692794250978732,0.005996651062489169,4.141868525841774e-05
0.0013913913913913914,8.813219657799848e-06,0.0008813219657799849,0.006033782444795208,4.230088942836767e-05
0.0014014014014014013,8.934387744177665e-06,0.0008934387744177665,0.006070827482519078,4.319522253589296e-05
0.0014114114114114115,9.056296775082605e-06,0.0009056296775082605,0.006107786274265402,4.410175874961494e-05
0.0014214214214214214,9.178945015485081e-06,0.0009178945015485081,0.006144658918638801,4.502057206447831e-05
0.0014314314314314313,9.302330730355517e-06,0.0009302330730355517,0.0061814455142439,4.595173630175113e-05
0.0014414414414414415,9.426452184664337e-06,0.0009426452184664337,0.006218146159685321,4.689532510902484e-05
0.0014514514514514514,9.551307643381953e-06,0.0009551307643381953,0.006254760953567688,4.785141196021422e-05
0.0014614614614614613,9.676895371478788e-06,0.0009676895371478788,0.006291289994495622,4.882007015555745e-05
0.0014714714714714715,9.803213633925265e-06,0.0009803213633925265,0.0063277333810737475,4.980137282161604e-05
0.0014814814814814814,9.930260695691798e-06,0.0009930260695691798,0.006364091211906686,5.079539291127488e-05
0.0014914914914914916,1.0058034821748814e-05,0.0010058034821748814,0.006400363585599063,5.1802203203742234e-05
0.0015015015015015015,1.0186534277066726e-05,0.0010186534277066726,0.0064365506007554975,5.28218763045497e-05
0.0015115115115115114,1.0315757326615956e-05,0.0010315757326615957,0.006472652355980615,5.3854484645552304e-05
0.0015215215215215216,1.0445702235366928e-05,0.001044570223536693,0.00650866894987904,5.4900100484928375e-05
0.0015315315315315315,1.0576367268290057e-05,0.0010576367268290057,0.00654460048105539,5.595879590717963e-05
0.0015415415415415414,1.0707750690355765e-05,0.0010707750690355765,0.006580447048114293,5.703064282313116e-05
0.0015515515515515516,1.0839850766534472e-05,0.0010839850766534472,0.00661620874966037,5.811571296993141e-05
0.0015615615615615615,1.0972665761796596e-05,0.0010972665761796597,0.006651885684298244,5.921407791105218e-05
0.0015715715715715714,1.1106193941112558e-05,0.0011106193941112558,0.006687477950632537,6.0325809036288676e-05
0.0015815815815815816,1.1240433569452782e-05,0.0011240433569452782,0.006722985647267875,6.145097756175942e-05
0.0015915915915915915,1.137538291178768e-05,0.001137538291178768,0.006758408872808876,6.258965452990634e-05
0.0016016016016016017,1.1511040340838333e-05,0.0011511040340838332,0.006793747724464762,6.374191082028055e-05
0.0016116116116116116,1.16474045533123e-05,0.00116474045533123,0.006829002295249017,6.490781718197346e-05
0.0016216216216216215,1.1784473899822905e-05,0.0011784473899822906,0.00686417268265716,6.608744419897276e-05
0.0016316316316316317,1.1922246691861041e-05,0.001192224669186104,0.006899258984691362,6.728086228624614e-05
0.0016416416416416416,1.2060721240917587e-05,0.0012060721240917587,0.006934261299353788,6.848814168974139e-05
0.0016516516516516516,1.2199895858483431e-05,0.001219989585848343,0.0069691797246466064,6.970935248638639e-05
0.0016616616616616617,1.2339768856049466e-05,0.0012339768856049467,0.007004014358571987,7.094456458408904e-05
0.0016716716716716716,1.2480338545106573e-05,0.0012480338545106573,0.007038765299132094,7.219384772173734e-05
0.0016816816816816816,1.2621603237145636e-05,0.0012621603237145636,0.007073432644329097,7.345727146919936e-05
0.0016916916916916917,1.2763561243657551e-05,0.001276356124365755,0.007108016492165165,7.473490522732326e-05
0.0017017017017017016,1.2906210876133194e-05,0.0012906210876133194,0.007142516940642464,7.602681822793717e-05
0.0017117117117117116,1.3049550446063458e-05,0.0013049550446063457,0.0071769340877631625,7.733307953384944e-05
0.0017217217217217217,1.319357826493923e-05,0.001319357826493923,0.007211268031529429,7.865375803884836e-05
0.0017317317317317317,1.3338292644251392e-05,0.0013338292644251393,0.007245518869943429,7.998892246770236e-05
0.0017417417417417418,1.3483691895490836e-05,0.0013483691895490835,0.007279686701007333,8.13386413761599e-05
0.0017517517517517517,1.3629774330148444e-05,0.0013629774330148443,0.007313771622723307,8.270298315094952e-05
0.0017617617617617617,1.3776538259715103e-05,0.0013776538259715103,0.00734777373309352,8.408201600977986e-05
0.0017717717717717718,1.3923981995681706e-05,0.0013923981995681706,0.007381693130120139,8.54758080013396e-05
0.0017817817817817817,1.407210384953913e-05,0.001407210384953913,0.0074155299118053315,8.688442700529746e-05
0.0017917917917917917,1.4220902132778266e-05,0.0014220902132778266,0.007449284176151266,8.83079407323023e-05
0.0018018018018018018,1.4370375156890004e-05,0.0014370375156890003,0.007482956021160111,8.974641672398299e-05
0.0018118118118118118,1.4520521233365226e-05,0.0014520521233365225,0.0075165455448340315,9.119992235294846e-05
0.0018218218218218217,1.4671338673694819e-05,0.0014671338673694818,0.007550052845175198,9.266852482278778e-05
0.0018318318318318318,1.4822825789369675e-05,0.0014822825789369675,0.007583478020185778,9.415229116807004e-05
0.0018418418418418418,1.4974981375549197e-05,0.0014974981375549198,0.007616821160448325,9.565128830275965e-05
0.0018518518518518517,1.5127804283731704e-05,0.0015127804283731705,0.00765008235568114,9.716558302585591e-05
0.0018618618618618619,1.528129287099257e-05,0.001528129287099257,0.007683261703187111,9.869524197190122e-05
0.0018718718718718718,1.543544549431897e-05,0.0015435445494318969,0.00771635930027048,0.00010024033161097219
0.001881881881881882,1.5590260510698108e-05,0.0015590260510698107,0.00774937524423549,0.00010180091824867971
0.0018918918918918919,1.5745736277117158e-05,0.0015745736277117158,0.007782309632386379,0.0001033770680261689
0.0019019019019019018,1.590187115056331e-05,0.001590187115056331,0.007815162562027392,0.00010496884692011919
0.001911911911911912,1.6058663488023763e-05,0.0016058663488023764,0.00784793413046277,0.0001065763207427442
0.0019219219219219219,1.6216111646485692e-05,0.001621611164648569,0.007880624434996751,0.0001081995551417918
0.0019319319319319318,1.6374213982936286e-05,0.0016374213982936286,0.007913233572933583,0.00010983861560054419
0.001941941941941942,1.653296885436274e-05,0.001653296885436274,0.007945761641577502,0.00011149356743781773
0.001951951951951952,1.6692374617752237e-05,0.0016692374617752236,0.007978208738232751,0.00011316447580796309
0.001961961961961962,1.685242963009196e-05,0.001685242963009196,0.008010574960203574,0.0001148514057008652
0.001971971971971972,1.701313224836911e-05,0.0017013132248369111,0.00804286040479421,0.00011655442194194321
0.001981981981981982,1.7174480829570863e-05,0.0017174480829570864,0.008075065169308901,0.00011827358919215048
0.001991991991991992,1.733647373068441e-05,0.0017336473730684408,0.008107189351051888,0.00012000897194797473
0.002002002002002002,1.7499109308696937e-05,0.0017499109308696937,0.008139233047327415,0.00012176063454143791
0.002012012012012012,1.766238592059564e-05,0.001766238592059564,0.008171196355439721,0.00012352864114009612
0.002022022022022022,1.782630192336769e-05,0.001782630192336769,0.008203079372693049,0.0001253130557470398
0.002032032032032032,1.7990855674000296e-05,0.0017990855674000295,0.00823488219639164,0.0001271139422008937
0.002042042042042042,1.815604552948063e-05,0.0018156045529480632,0.008266604923839734,0.0001289313641758167
0.002052052052052052,1.832186984679588e-05,0.001832186984679588,0.008298247652341575,0.00013076538518150195
0.002062062062062062,1.8488326982933246e-05,0.0018488326982933245,0.008329810479201406,0.00013261606856317698
0.002072072072072072,1.8655415294879906e-05,0.0018655415294879906,0.008361293501723465,0.00013448347750160338
0.002082082082082082,1.8823133139623044e-05,0.0018823133139623043,0.008392696817211994,0.00013636767501307715
0.002092092092092092,1.899147887414986e-05,0.001899147887414986,0.008424020522971237,0.00013826872394942852
0.002102102102102102,1.9160450855447532e-05,0.0019160450855447533,0.008455264716305432,0.00014018668699802183
0.002112112112112112,1.9330047440503247e-05,0.0019330047440503247,0.008486429494518824,0.00014212162668175588
0.002122122122122122,1.9500266986304202e-05,0.0019500266986304203,0.008517514954915652,0.00014407360535906365
0.002132132132132132,1.967110784983758e-05,0.001967110784983758,0.00854852119480016,0.0001460426852239122
0.002142142142142142,1.984256838809056e-05,0.001984256838809056,0.008579448311476588,0.00014802892830580316
0.002152152152152152,2.0014646958050343e-05,0.0020014646958050344,0.008610296402249178,0.00015003239646977216
0.002162162162162162,2.0187341916704112e-05,0.002018734191670411,0.008641065564422172,0.00015205315141638917
0.002172172172172172,2.036065162103905e-05,0.002036065162103905,0.00867175589529981,0.00015409125468175846
0.002182182182182182,2.0534574428042354e-05,0.0020534574428042354,0.008702367492186334,0.00015614676763751846
0.002192192192192192,2.0709108694701204e-05,0.0020709108694701205,0.008732900452385988,0.00015821975149084194
0.0022022022022022024,2.0884252778002792e-05,0.0020884252778002794,0.008763354873203011,0.0001603102672844358
0.002212212212212212,2.1060005034934294e-05,0.0021060005034934295,0.008793730851941644,0.00016241837589654133
0.0022222222222222222,2.1236363822482918e-05,0.002123636382248292,0.00882402848590613,0.00016454413804093405
0.0022322322322322324,2.141332749763584e-05,0.002141332749763584,0.008854247872400712,0.0001666876142669236
0.002242242242242242,2.159089441738024e-05,0.002159089441738024,0.008884389108729627,0.00016884886495935404
0.0022522522522522522,2.1769062938703322e-05,0.0021769062938703323,0.008914452292197122,0.00017102795033860366
0.0022622622622622624,2.1947831418592266e-05,0.0021947831418592267,0.008944437520107438,0.00017322493046058484
0.002272272272272272,2.2127199049795405e-05,0.0022127199049795402,0.0089743448755751,0.0001754398653004042
0.0022822822822822822,2.230716523620608e-05,0.002230716523620608,0.009004174438129788,0.0001776728147734979
0.0022922922922922924,2.2487728420462576e-05,0.0022487728420462574,0.009033926303621537,0.00017992383863941005
0.002302302302302302,2.2668887043413752e-05,0.002266888704341375,0.009063600567930772,0.0001821929965016136
0.0023123123123123123,2.2850639545908487e-05,0.0022850639545908486,0.009093197326937915,0.00018448034780751035
0.0023223223223223224,2.303298436879563e-05,0.002303298436879563,0.009122716676523389,0.0001867859518484308
0.002332332332332332,2.321591995292404e-05,0.002321591995292404,0.009152158712567613,0.0001891098677596344
0.0023423423423423423,2.3399444739142595e-05,0.0023399444739142594,0.009181523530951013,0.00019145215452030936
0.0023523523523523524,2.358355716830015e-05,0.002358355716830015,0.00921081122755401,0.00019381287095357263
0.002362362362362362,2.3768255681245558e-05,0.0023768255681245556,0.009240021898257024,0.00019619207572647008
0.0023723723723723723,2.39535387188277e-05,0.00239535387188277,0.009269155638940482,0.0001985898273499764
0.0023823823823823824,2.413940472189543e-05,0.002413940472189543,0.009298212545484803,0.00020100618417899494
0.002392392392392392,2.4325852131297604e-05,0.0024325852131297605,0.009327192713770409,0.000203441204412358
0.0024024024024024023,2.4512879387883098e-05,0.00245128793878831,0.009356096239677723,0.0002058949460928268
0.0024124124124124124,2.470048493250077e-05,0.002470048493250077,0.009384923219087168,0.00020836746710709112
0.002422422422422422,2.488866720599947e-05,0.002488866720599947,0.009413673747879164,0.00021085882518576975
0.0024324324324324323,2.507742464922808e-05,0.002507742464922808,0.009442347921934137,0.00021336907790341021
0.0024424424424424425,2.5266755703035456e-05,0.0025266755703035456,0.009470945837132505,0.0002158982826784889
0.0024524524524524526,2.5456658808270458e-05,0.0025456658808270458,0.009499467589354695,0.00021844649677341083
0.0024624624624624623,2.5647132405781943e-05,0.0025647132405781942,0.009527913274481123,0.0002210137772945101
0.0024724724724724725,2.5838174936418787e-05,0.0025838174936418786,0.009556282988392216,0.00022360018119204955
0.0024824824824824826,2.6029784841029848e-05,0.002602978484102985,0.009584576826968397,0.0002262057652602207
0.0024924924924924923,2.622196056046398e-05,0.002622196056046398,0.009612794886090084,0.000228830586137144
0.0025025025025025025,2.6414700535570055e-05,0.0026414700535570055,0.009640937261637703,0.00023147470030486874
0.0025125125125125126,2.660800320719694e-05,0.002660800320719694,0.009669004049491675,0.00023413816408937292
0.0025225225225225223,2.680186701619348e-05,0.002680186701619348,0.00969699534553242,0.00023682103366056345
0.0025325325325325325,2.6996290403408556e-05,0.0026996290403408555,0.009724911245640365,0.00023952336503227606
0.0025425425425425426,2.7191271809691024e-05,0.0027191271809691026,0.009752751845695929,0.00024224521406227513
0.0025525525525525524,2.7386809675889742e-05,0.002738680967588974,0.009780517241579531,0.00024498663645225406
0.0025625625625625625,2.7582902442853584e-05,0.0027582902442853585,0.009808207529171602,0.00024774768774783507
0.0025725725725725727,2.7779548551431403e-05,0.0027779548551431403,0.009835822804352558,0.00025052842333856887
0.0025825825825825824,2.797674644247206e-05,0.002797674644247206,0.009863363163002821,0.0002533288984579355
0.0025925925925925925,2.817449455682443e-05,0.002817449455682443,0.009890828701002816,0.00025614916818334334
0.0026026026026026027,2.8372791335337365e-05,0.0028372791335337364,0.009918219514232964,0.0002589892874361298
0.0026126126126126124,2.8571635218859726e-05,0.0028571635218859726,0.009945535698573687,0.0002618493109815612
0.0026226226226226225,2.8771024648240388e-05,0.002877102464824039,0.009972777349905407,0.00026472929342883256
0.0026326326326326327,2.8970958064328208e-05,0.002897095806432821,0.009999944564108548,0.00026762928923106756
0.0026426426426426424,2.9171433907972035e-05,0.0029171433907972033,0.01002703743706353,0.000270549352685319
0.0026526526526526525,2.9372450620020755e-05,0.0029372450620020756,0.010054056064650778,0.0002734895379325684
0.0026626626626626627,2.957400664132322e-05,0.002957400664132322,0.010081000542750712,0.00027644989895772587
0.0026726726726726724,2.977610041272828e-05,0.002977610041272828,0.010107870967243754,0.00027943048958963056
0.0026826826826826826,2.9978730375084824e-05,0.0029978730375084823,0.010134667434010328,0.00028243136350105053
0.0026926926926926927,3.0181894969241695e-05,0.0030181894969241695,0.010161390038930854,0.00028545257420868234
0.002702702702702703,3.038559339946549e-05,0.0030385593399465493,0.010188038862507118,0.0002884941751495698
0.0027127127127127126,3.058982517570055e-05,0.003058982517570055,0.010214613979083183,0.00029155621971170196
0.0027227227227227227,3.079458882572306e-05,0.0030794588825723062,0.010241115482788372,0.0002946387611356983
0.002732732732732733,3.0999882872269676e-05,0.0030999882872269676,0.01026754346785352,0.00029774185251430386
0.0027427427427427426,3.120570583807705e-05,0.003120570583807705,0.010293898028509463,0.0003008655467923896
0.0027527527527527527,3.141205624588186e-05,0.0031412056245881856,0.010320179258987037,0.0003040098967669524
0.002762762762762763,3.161893261842076e-05,0.0031618932618420756,0.010346387253517081,0.00030717495508711466
0.0027727727727727726,3.182633347843039e-05,0.0031826333478430393,0.01037252210633043,0.0003103607742541247
0.0027827827827827827,3.203425734864745e-05,0.0032034257348647448,0.010398583911657919,0.00031356740662135676
0.002792792792792793,3.2242702751808576e-05,0.0032242702751808577,0.010424572763730388,0.00031679490439431054
0.0028028028028028026,3.245166821065042e-05,0.0032451668210650418,0.01045048875677867,0.0003200433196306119
0.0028128128128128128,3.2661152247909664e-05,0.003266115224790966,0.010476331985033605,0.00032331270424001236
0.002822822822822823,3.287115338632296e-05,0.003287115338632296,0.010502102542726027,0.00032660310998438896
0.0028328328328328326,3.3081670148626964e-05,0.0033081670148626965,0.010527800524086773,0.000329914588477745
0.0028428428428428428,3.329270105755835e-05,0.003329270105755835,0.010553426023346682,0.0003332471911862093
0.002852852852852853,3.3504244635853766e-05,0.0033504244635853765,0.010578979134736587,0.0003366009694280365
0.0028628628628628626,3.3716299406249875e-05,0.0033716299406249873,0.010604459952487325,0.00033997597437360704
0.0028728728728728728,3.3928863891483344e-05,0.0033928863891483346,0.010629868570829737,0.0003433722570454272
0.002882882882882883,3.414193661429083e-05,0.0034141936614290828,0.010655205083994654,0.000346789868318129
0.0028928928928928926,3.435551609740898e-05,0.003435551609740898,0.010680469586212915,0.0003502288589184702
0.002902902902902903,3.4569600863574486e-05,0.0034569600863574488,0.010705662171715357,0.0003536892794253345
0.002912912912912913,3.478418943552399e-05,0.0034784189435523986,0.010730782934732815,0.00035717118026973126
0.0029229229229229227,3.499928033599413e-05,0.0034999280335994134,0.010755831969496126,0.0003606746117347957
0.002932932932932933,3.5214872087721616e-05,0.0035214872087721617,0.010780809370236129,0.0003641996239557889
0.002942942942942943,3.543096321344308e-05,0.003543096321344308,0.01080571523118366,0.00036774626692009753
0.002952952952952953,3.564755223589518e-05,0.003564755223589518,0.010830549646569551,0.00037131459046723416
0.002962962962962963,3.586463767781458e-05,0.003586463767781458,0.010855312710624643,0.0003749046442888372
0.002972972972972973,3.608221806193795e-05,0.003608221806193795,0.010880004517579773,0.00037851647792867083
0.002982982982982983,3.6300291911001943e-05,0.003630029191100194,0.010904625161665774,0.0003821501407826249
0.002992992992992993,3.651885774774321e-05,0.003651885774774321,0.010929174737113485,0.0003858056820987153
0.003003003003003003,3.673791409489844e-05,0.003673791409489844,0.010953653338153742,0.0003894831509770836
0.003013013013013013,3.695745947520427e-05,0.003695745947520427,0.010978061059017382,0.00039318259636999685
0.003023023023023023,3.717749241139736e-05,0.0037177492411397364,0.01100239799393524,0.0003969040670818484
0.003033033033033033,3.739801142621439e-05,0.003739801142621439,0.011026664237138155,0.0004006476117691572
0.003043043043043043,3.7619015042392e-05,0.0037619015042392,0.011050859882856963,0.0004044132789405678
0.003053053053053053,3.784050178266686e-05,0.003784050178266686,0.011074985025322498,0.00040820111695685074
0.003063063063063063,3.806247016977563e-05,0.0038062470169775635,0.0110990397587656,0.00041201117403090237
0.003073073073073073,3.828491872645498e-05,0.0038284918726454982,0.011123024177417104,0.0004158434982277447
0.003083083083083083,3.850784597544155e-05,0.003850784597544155,0.011146938375507846,0.00041969813746452564
0.003093093093093093,3.8731250439472016e-05,0.0038731250439472016,0.011170782447268664,0.0004235751395105189
0.003103103103103103,3.8955130641283045e-05,0.0038955130641283044,0.011194556486930393,0.0004274745519871237
0.003113113113113113,3.917948510361127e-05,0.003917948510361127,0.01121826058872387,0.0004313964223678656
0.003123123123123123,3.940431234919338e-05,0.003940431234919339,0.011241894846879933,0.0004353407979783955
0.003133133133133133,3.962985709491972e-05,0.003962985709491972,0.01126545368449634,0.00043930775064054956
0.003143143143143143,3.985560547973267e-05,0.0039855605479732666,0.011288948998670244,0.00044329730073862085
0.003153153153153153,4.008182567990669e-05,0.004008182567990669,0.011312374672107656,0.0004473094955013743
0.003163163163163163,4.03085162226508e-05,0.00403085162226508,0.011335730798936391,0.0004513443820101482
0.003173173173173173,4.053567563704282e-05,0.004053567563704282,0.011359017473241216,0.0004554020071990413
0.003183183183183183,4.076330245402936e-05,0.004076330245402936,0.01138223478906385,0.0004594824178551004
0.003193193193193193,4.099139520642581e-05,0.004099139520642581,0.011405382840402965,0.0004635856606185065
0.0032032032032032033,4.121995242891634e-05,0.004121995242891634,0.01142846172121418,0.00046771178198276234
0.003213213213213213,4.144897265805391e-05,0.004144897265805391,0.011451471525410073,0.00047186082829487984
0.003223223223223223,4.16784544322603e-05,0.0041678454432260295,0.011474412346860172,0.0004760328457555666
0.0032332332332332334,4.190839629182603e-05,0.004190839629182603,0.011497284279390955,0.000480227880419413
0.003243243243243243,4.213879677891043e-05,0.004213879677891043,0.011520087416785852,0.0004844459781950797
0.0032532532532532532,4.236965443754163e-05,0.004236965443754162,0.01154282185278525,0.0004886871848454843
0.0032632632632632634,4.2600967813616526e-05,0.004260096781361652,0.011565487681086482,0.0004929515459879885
0.003273273273273273,4.2832735454900796e-05,0.00428327354549008,0.011588084995343837,0.0004972391070945851
0.0032832832832832832,4.3064955911028935e-05,0.004306495591102894,0.011610613889168554,0.0005015499134920856
0.0032932932932932934,4.3297627733504204e-05,0.00432976277335042,0.011633074456128824,0.0005058840103623061
0.003303303303303303,4.353074947569865e-05,0.004353074947569865,0.011655466789749793,0.0005102414427422559
0.0033133133133133132,4.3764319692853126e-05,0.004376431969285313,0.011677790983513556,0.0005146222555243233
0.0033233233233233234,4.3998336942077254e-05,0.004399833694207726,0.011700047130859162,0.0005190264934564632
0.003333333333333333,4.423279978234943e-05,0.004423279978234943,0.01172223532518261,0.000523454201142384
0.0033433433433433433,4.4467706774516896e-05,0.004446770677451689,0.011744355659836853,0.0005279054230417352
0.0033533533533533534,4.470305648129561e-05,0.004470305648129561,0.011766408228131795,0.0005323802034702932
0.003363363363363363,4.493884746727035e-05,0.004493884746727035,0.011788393123334294,0.00053687858660015
0.0033733733733733733,4.517507829889471e-05,0.004517507829889471,0.011810310438668157,0.0005414006164598993
0.0033833833833833834,4.541174754449101e-05,0.0045411747544491015,0.011832160267314146,0.0005459463369348233
0.003393393393393393,4.56488537742504e-05,0.00456488537742504,0.011853942702409973,0.0005505157917670805
0.0034034034034034033,4.5886395560232824e-05,0.004588639556023282,0.011875657837050304,0.0005551090245558927
0.0034134134134134134,4.6124371476366975e-05,0.004612437147636698,0.011897305764286756,0.0005597260787577312
0.003423423423423423,4.6362780098450356e-05,0.004636278009845036,0.011918886577127894,0.000564366997686505
0.0034334334334334333,4.660162000414927e-05,0.004660162000414927,0.011940400368539246,0.0005690318245137472
0.0034434434434434434,4.684088977299878e-05,0.0046840889772998785,0.011961847231443282,0.0005737206022688021
0.003453453453453453,4.7080587986402755e-05,0.004708058798640276,0.011983227258719427,0.0005784333738390125
0.0034634634634634633,4.7320713227633855e-05,0.0047320713227633855,0.01200454054320406,0.000583170181969907
0.0034734734734734735,4.756126408183351e-05,0.004756126408183351,0.012025787177690508,0.0005879310692653858
0.0034834834834834836,4.7802239136011944e-05,0.004780223913601195,0.012046967254929056,0.0005927160781879096
0.0034934934934934933,4.804363697904817e-05,0.004804363697904817,0.012068080867626936,0.000597525251058685
0.0035035035035035035,4.828545620169e-05,0.004828545620169,0.012089128108448333,0.0006023586300578533
0.0035135135135135136,4.852769539655401e-05,0.004852769539655401,0.012110109070014387,0.0006072162572246754
0.0035235235235235233,4.877035315812558e-05,0.0048770353158125584,0.012131023844903189,0.000612098174457721
0.0035335335335335335,4.9013428082758884e-05,0.004901342808275888,0.012151872525649778,0.0006170044235150543
0.0035435435435435436,4.9256918768676865e-05,0.004925691876867686,0.01217265520474615,0.0006219350460144213
0.0035535535535535533,4.950082381597125e-05,0.004950082381597125,0.012193371974641251,0.0006268900834334373
0.0035635635635635635,4.97451422369332e-05,0.00497451422369332,0.012214022916838714,0.0006318695771508481
0.0035735735735735736,4.998987335372582e-05,0.004998987335372582,0.012234608104615635,0.0006368735684775474
0.0035835835835835834,5.0235015843459475e-05,0.005023501584345947,0.01225512762839443,0.0006419020985920077
0.0035935935935935935,5.04805683758875e-05,0.00504805683758875,0.012275581578799596,0.000646955208539544
0.0036036036036036037,5.072652962372165e-05,0.005072652962372165,0.012295970046383628,0.0006520329392326092
0.0036136136136136134,5.09728982626321e-05,0.00509728982626321,0.012316293121627016,0.0006571353314510907
0.0036236236236236235,5.121967297124752e-05,0.005121967297124752,0.012336550894938262,0.0006622624258426071
0.0036336336336336337,5.146685243115496e-05,0.005146685243115495,0.012356743456653862,0.0006674142629228029
0.0036436436436436434,5.171443532689993e-05,0.005171443532689993,0.012376870897038308,0.0006725908830756456
0.0036536536536536535,5.19624203459864e-05,0.00519624203459864,0.012396933306284105,0.0006777923265537224
0.0036636636636636637,5.221080617887676e-05,0.005221080617887675,0.012416930774511746,0.0006830186334785348
0.0036736736736736734,5.245959151899182e-05,0.005245959151899182,0.01243686339176973,0.0006882698438407963
0.0036836836836836835,5.270877506271088e-05,0.005270877506271088,0.012456731248034564,0.0006935459975007274
0.0036936936936936937,5.295835550937163e-05,0.0052958355509371636,0.012476534433210739,0.0006988471341883522
0.0037037037037037034,5.320833156127022e-05,0.005320833156127022,0.01249627303713076,0.0007041732935037946
0.0037137137137137136,5.3458701923661246e-05,0.005345870192366125,0.012515947149555132,0.0007095245149175746
0.0037237237237237237,5.3709465304757734e-05,0.005370946530475773,0.012535556860172352,0.0007149008377709037
0.003733733733733734,5.396062041573114e-05,0.005396062041573114,0.012555102258598926,0.0007203023012759818
0.0037437437437437436,5.4212165970711365e-05,0.005421216597071137,0.012574583434379354,0.0007257289445162932
0.0037537537537537537,5.446410068678677e-05,0.005446410068678677,0.012594000476986143,0.0007311808064469025
0.003763763763763764,5.471642328400412e-05,0.005471642328400412,0.012613353475819798,0.0007366579258947507
0.0037737737737737736,5.4969132485368645e-05,0.005496913248536865,0.012632642520208823,0.0007421603415589518
0.0037837837837837837,5.522222701684402e-05,0.005522222701684402,0.012651867699409725,0.0007476880920110884
0.003793793793793794,5.547570560735232e-05,0.005547570560735232,0.01267102910260701,0.000753241215695508
0.0038038038038038036,5.5729566988774095e-05,0.0055729566988774095,0.012690126818913183,0.0007588197509296195
0.0038138138138138137,5.598380989594833e-05,0.005598380989594833,0.012709160937368758,0.0007644237359041889
0.003823823823823824,5.6238433066672434e-05,0.005623843306667244,0.012728131546942238,0.0007700532086836355
0.0038338338338338336,5.649343524170226e-05,0.005649343524170226,0.012747038736530132,0.0007757082072063284
0.0038438438438438438,5.674881516475211e-05,0.005674881516475211,0.012765882594956954,0.0007813887692848824
0.003853853853853854,5.700457158249473e-05,0.005700457158249473,0.012784663210975211,0.0007870949326064533
0.0038638638638638636,5.726070324456127e-05,0.005726070324456127,0.012803380673265415,0.000792826734733036
0.0038738738738738738,5.751720890354136e-05,0.005751720890354136,0.012822035070436078,0.000798584213101759
0.003883883883883884,5.777408731498305e-05,0.005777408731498305,0.01284062649102371,0.0008043674050251806
0.0038938938938938936,5.803133723739282e-05,0.005803133723739281,0.012859155023492828,0.0008101763476915863
0.003903903903903904,5.8288957432235613e-05,0.005828895743223561,0.012877620756235941,0.0008160110781652835
0.003913913913913914,5.8546946663934795e-05,0.005854694666393479,0.012896023777573568,0.0008218716333868987
0.003923923923923924,5.880530369987216e-05,0.005880530369987216,0.012914364175754218,0.0008277580501736728
0.003933933933933934,5.906402731038799e-05,0.005906402731038799,0.01293264203895441,0.0008336703652197578
0.003943943943943944,5.9323116268780934e-05,0.005932311626878094,0.01295085745527866,0.0008396086150965124
0.003953953953953954,5.9582569351308124e-05,0.0059582569351308125,0.012969010512759482,0.0008455728362527996
0.003963963963963964,5.984238533718516e-05,0.005984238533718516,0.012987101299357397,0.0008515630650152807
0.003973973973973974,6.0102563008585995e-05,0.0060102563008586,0.013005129902960922,0.0008575793375887125
0.003983983983983984,6.03631011506431e-05,0.00603631011506431,0.013023096411386572,0.0008636216900562444
0.003993993993993994,6.062399855144738e-05,0.006062399855144738,0.013041000912378871,0.0008696901583797127
0.004004004004004004,6.08852540020481e-05,0.006088525400204809,0.013058843493610335,0.0008757847783999376
0.004014014014014014,6.114686629645304e-05,0.006114686629645304,0.013076624242681485,0.0008819055858370201
0.004024024024024024,6.140883423162846e-05,0.006140883423162846,0.013094343247120844,0.0008880526162906365
0.004034034034034034,6.16711566074989e-05,0.00616711566074989,0.013112000594384932,0.0008942259052403359
0.004044044044044044,6.193383222694749e-05,0.006193383222694749,0.013129596371858272,0.0009004254880458363
0.004054054054054054,6.219685989581577e-05,0.006219685989581576,0.013147130666853387,0.0009066513999473195
0.004064064064064064,6.246023842290365e-05,0.006246023842290365,0.013164603566610799,0.000912903676065728
0.004074074074074074,6.272396661996952e-05,0.0062723966619969524,0.013182015158299032,0.0009191823514030623
0.004084084084084084,6.298804330173028e-05,0.0062988043301730285,0.013199365529014614,0.000925487460842675
0.004094094094094094,6.325246728586113e-05,0.006325246728586113,0.013216654765782068,0.0009318190391495678
0.004104104104104104,6.351723738312694e-05,0.006351723738312694,0.013233882955706204,0.0009381771209697007
0.004114114114114114,6.378235188317878e-05,0.006378235188317878,0.013251050193906643,0.0009445617407778268
0.004124124124124124,6.404780927471803e-05,0.006404780927471803,0.013268156572405163,0.000950972932897418
0.004134134134134134,6.43136083404425e-05,0.006431360834044251,0.013285202178660627,0.0009574107315300951
0.004144144144144144,6.457974786517785e-05,0.006457974786517785,0.01330218710007271,0.0009638751707558386
0.004154154154154154,6.48462266358776e-05,0.006484622663587759,0.013319111423981905,0.0009703662845332035
0.004164164164164164,6.511304344162317e-05,0.006511304344162317,0.013335975237669518,0.0009768841066995324
0.004174174174174174,6.538019707362395e-05,0.006538019707362395,0.01335277862835768,0.0009834286709711664
0.004184184184184184,6.564768632521713e-05,0.006564768632521713,0.013369521683209326,0.0009900000109436605
0.004194194194194194,6.591550999186782e-05,0.006591550999186783,0.013386204489328219,0.0009965981600919957
0.004204204204204204,6.618366687116908e-05,0.006618366687116908,0.013402827133758934,0.0010032231517707916
0.004214214214214214,6.645215576284177e-05,0.006645215576284177,0.013419389703486861,0.0010098750192145192
0.004224224224224224,6.67209754687347e-05,0.00667209754687347,0.013435892285438207,0.001016553795537716
0.004234234234234234,6.69901247928246e-05,0.00669901247928246,0.013452334966480002,0.001023259513735196
0.004244244244244244,6.725960254121599e-05,0.006725960254121599,0.013468717833420081,0.0010299922066822644
0.004254254254254254,6.75294075221414e-05,0.00675294075221414,0.013485040973007106,0.0010367519071349312
0.004264264264264264,6.779953854596121e-05,0.006779953854596121,0.01350130447193055,0.0010435386477301227
0.004274274274274274,6.806999442516363e-05,0.006806999442516363,0.013517508416820704,0.0010503524609858945
0.004284284284284284,6.834077397436488e-05,0.006834077397436487,0.013533652894248674,0.0010571933793016468
0.004294294294294294,6.8611876010309e-05,0.0068611876010309,0.013549737990726386,0.0010640614349583346
0.004304304304304304,6.888329935186792e-05,0.006888329935186792,0.013565763792706577,0.0010709566601186814
0.004314314314314314,6.915504282004147e-05,0.006915504282004147,0.01358173038658281,0.0010778790868273944
0.004324324324324324,6.942710523795744e-05,0.006942710523795744,0.013597637858689454,0.0010848287470113741
0.004334334334334334,6.969948543087139e-05,0.006969948543087139,0.013613486295301699,0.0010918056724799298
0.004344344344344344,6.997218222616688e-05,0.0069972182226166885,0.013629275782635552,0.0010988098949249916
0.004354354354354354,7.024519445335533e-05,0.007024519445335533,0.01364500640684784,0.0011058414459213235
0.004364364364364364,7.051852094407602e-05,0.007051852094407602,0.013660678254036197,0.0011129003569267366
0.004374374374374375,7.079216053209618e-05,0.007079216053209618,0.013676291410239084,0.0011199866592823018
0.004384384384384384,7.106611205331087e-05,0.007106611205331087,0.01369184596143577,0.001127100384212563
0.004394394394394394,7.13403743457431e-05,0.00713403743457431,0.013707341993546346,0.0011342415628257507
0.004404404404404405,7.161494624954378e-05,0.007161494624954377,0.01372277959243172,0.0011414102261139935
0.004414414414414414,7.188982660699161e-05,0.007188982660699161,0.01373815884389361,0.0011486064049535318
0.004424424424424424,7.216501426249332e-05,0.007216501426249333,0.013753479833674557,0.0011558301301049327
0.004434434434434435,7.244050806258346e-05,0.007244050806258347,0.01376874264745792,0.0011630814322132995
0.0044444444444444444,7.271630685592447e-05,0.007271630685592447,0.013783947370867865,0.0011703603418084867
0.004454454454454454,7.29924094933067e-05,0.007299240949330671,0.013799094089469385,0.0011776668893053145
0.004464464464464465,7.326881482764843e-05,0.007326881482764843,0.013814182888768282,0.0011850011050037778
0.0044744744744744745,7.354552171399574e-05,0.007354552171399574,0.01382921385421118,0.0011923630190892628
0.004484484484484484,7.382252900952267e-05,0.0073822529009522665,0.013844187071185515,0.0011997526616327587
0.004494494494494495,7.409983557353118e-05,0.007409983557353118,0.013859102625019546,0.0012071700625910702
0.0045045045045045045,7.437744026745103e-05,0.007437744026745103,0.013873960600982338,0.001214615251807031
0.004514514514514514,7.465534195483998e-05,0.007465534195483998,0.013888761084283784,0.0012220882590097176
0.004524524524524525,7.493353950138361e-05,0.0074933539501383616,0.013903504160074588,0.001229589113814661
0.0045345345345345345,7.521203177489542e-05,0.007521203177489542,0.013918189913446266,0.0012371178457240598
0.004544544544544544,7.549081764531678e-05,0.007549081764531678,0.01393281842943116,0.0012446744841269947
0.004554554554554555,7.5769895984717e-05,0.0075769895984717,0.013947389793002425,0.0012522590582996391
0.0045645645645645645,7.604926566729323e-05,0.007604926566729324,0.013961904089074027,0.001259871597405474
0.004574574574574574,7.632892556937057e-05,0.007632892556937057,0.013976361402500755,0.0012675121304955013
0.004584584584584585,7.660887456940196e-05,0.007660887456940196,0.013990761818078215,0.0012751806865084544
0.0045945945945945945,7.688911154796827e-05,0.007688911154796827,0.014005105420542823,0.0012828772942710136
0.004604604604604604,7.716963538777822e-05,0.007716963538777822,0.014019392294571819,0.0012906019824980187
0.004614614614614615,7.745044497366849e-05,0.0077450444973668495,0.014033622524783256,0.0012983547797926803
0.0046246246246246245,7.773153919260359e-05,0.0077731539192603585,0.014047796195736002,0.0013061357146467946
0.004634634634634634,7.801291693367596e-05,0.007801291693367596,0.014061913391929743,0.0013139448154409566
0.004644644644644645,7.829457708810595e-05,0.007829457708810595,0.014075974197804984,0.0013217821104447708
0.0046546546546546545,7.857651850890469e-05,0.00785765185089047,0.014089978698143024,0.0013296476278130292
0.004664664664664664,7.88587397810411e-05,0.00788587397810411,0.014103926980345008,0.0013375413955588793
0.004674674674674675,7.914123971867496e-05,0.007914123971867497,0.01411781912950132,0.001345463441576765
0.0046846846846846845,7.942401719871204e-05,0.007942401719871204,0.014131655230042076,0.0013534137936487079
0.004694694694694694,7.970707109978314e-05,0.007970707109978313,0.0141454353663422,0.001361392479444482
0.004704704704704705,7.99904003022441e-05,0.007999040030224409,0.014159159622721428,0.001369399526521784
0.0047147147147147146,8.027400368817563e-05,0.008027400368817564,0.01417282808344431,0.001377434962326406
0.004724724724724724,8.055788014138354e-05,0.008055788014138355,0.014186440832720207,0.0013854988141924103
0.004734734734734735,8.08420285473986e-05,0.00808420285473986,0.014199997954703291,0.0013935911093423004
0.0047447447447447446,8.112644779347652e-05,0.008112644779347651,0.014213499533492543,0.0014017118748871928
0.004754754754754754,8.141113676859806e-05,0.008141113676859806,0.014226945653131762,0.0014098611378269925
0.004764764764764765,8.169609436346898e-05,0.008169609436346897,0.014240336397609556,0.001418038925050563
0.004774774774774775,8.198131947051996e-05,0.008198131947051995,0.01425367185085934,0.0014262452633359002
0.004784784784784784,8.226681098390673e-05,0.008226681098390672,0.014266952096759348,0.0014344801793503054
0.004794794794794795,8.255256779951002e-05,0.008255256779951002,0.014280177219132623,0.0014427436996505567
0.004804804804804805,8.283858881493548e-05,0.008283858881493548,0.014293347301747018,0.0014510358506830826
0.004814814814814814,8.312487292951384e-05,0.008312487292951384,0.014306462428315198,0.0014593566587841353
0.004824824824824825,8.341141904430077e-05,0.008341141904430078,0.014319522682494644,0.0014677061501799612
0.004834834834834835,8.36982260620769e-05,0.00836982260620769,0.01433252814788764,0.0014760843509869757
0.004844844844844844,8.398529288734794e-05,0.008398529288734793,0.014345478908041293,0.0014844912872119356
0.004854854854854855,8.427261842634454e-05,0.008427261842634454,0.014358375046447516,0.0014929269847521105
0.004864864864864865,8.456020158702229e-05,0.00845602015870223,0.01437121664654303,0.001501391469395456
0.004874874874874875,8.484804127906187e-05,0.008484804127906188,0.014384003791709373,0.0015098847668207876
0.004884884884884885,8.513613641386887e-05,0.008513613641386886,0.014396736565272893,0.0015184069025979514
0.004894894894894895,8.542448590457393e-05,0.008542448590457392,0.014409415050504751,0.001526957902187999
0.004904904904904905,8.571308866603266e-05,0.008571308866603266,0.014422039330620919,0.0015355377909433577
0.004914914914914915,8.60019436148256e-05,0.008600194361482561,0.014434609488782179,0.0015441465941080047
0.004924924924924925,8.62910496692584e-05,0.00862910496692584,0.014447125608094125,0.0015527843368176404
0.004934934934934935,8.658040574936163e-05,0.008658040574936163,0.014459587771607168,0.001561451044099859
0.004944944944944945,8.687001077689081e-05,0.00868700107768908,0.014471996062316524,0.001570146740874322
0.004954954954954955,8.715986367532655e-05,0.008715986367532656,0.014484350563162223,0.0015788714519529335
0.004964964964964965,8.744996336987439e-05,0.00874499633698744,0.014496651357029109,0.0015876252020400083
0.004974974974974975,8.774030878746485e-05,0.008774030878746484,0.014508898526746835,0.001596408015732447
0.004984984984984985,8.803089885675346e-05,0.008803089885675346,0.014521092155089866,0.0016052199175199098
0.004994994994994995,8.832173250812078e-05,0.008832173250812078,0.01453323232477748,0.0016140609317849871
0.005005005005005005,8.861280867367228e-05,0.008861280867367228,0.014545319118473765,0.0016229310828033724
0.005015015015015015,8.890412628723848e-05,0.008890412628723848,0.014557352618787623,0.001631830394744037
0.005025025025025025,8.91956842843749e-05,0.008919568428437491,0.014569332908272767,0.0016407588916694002
0.005035035035035035,8.948748160236199e-05,0.008948748160236199,0.014581260069427721,0.001649716597535502
0.005045045045045045,8.977951718020522e-05,0.008977951718020521,0.01459313418469582,0.0016587035361921795
0.005055055055055055,9.007178995863513e-05,0.009007178995863513,0.014604955336465214,0.0016677197313832342
0.005065065065065065,9.036429888010707e-05,0.009036429888010707,0.01461672360706886,0.001676765206746608
0.005075075075075075,9.065704288880157e-05,0.009065704288880157,0.01462843907878453,0.0016858399858145565
0.005085085085085085,9.095002093062406e-05,0.009095002093062406,0.01464010183383481,0.0016949440920138183
0.005095095095095095,9.124323195320493e-05,0.009124323195320493,0.014651711954387088,0.0017040775486657906
0.005105105105105105,9.153667490589963e-05,0.009153667490589962,0.014663269522553576,0.0017132403789867014
0.005115115115115115,9.183034873978859e-05,0.00918303487397886,0.014674774620391294,0.0017224326060877814
0.005125125125125125,9.212425240767717e-05,0.009212425240767716,0.014686227329902065,0.0017316542529754364
0.005135135135135135,9.241838486409579e-05,0.009241838486409578,0.014697627733032537,0.0017409053425514222
0.005145145145145145,9.271274506529985e-05,0.009271274506529986,0.01470897591167416,0.001750185897613014
0.005155155155155155,9.30073319692697e-05,0.00930073319692697,0.014720271947663201,0.001759495940853181
0.005165165165165165,9.33021445357107e-05,0.009330214453571071,0.014731515922780734,0.0017688354948607599
0.005175175175175175,9.359718172605325e-05,0.009359718172605325,0.014742707918752653,0.001778204582120625
0.005185185185185185,9.389244250345266e-05,0.009389244250345267,0.014753848017249653,0.0017876032250138632
0.005195195195195195,9.418792583278927e-05,0.009418792583278927,0.01476493629988725,0.0017970314458179463
0.005205205205205205,9.44836306627981e-05,0.009448363066279811,0.014775972847530482,0.0018064892667051134
0.005215215215215215,9.47795559145395e-05,0.00947795559145395,0.014786957739845348,0.0018159767097396017
0.005225225225225225,9.507570055223416e-05,0.009507570055223416,0.014797891058054787,0.0018254937968819676
0.005235235235235235,9.537206354396913e-05,0.009537206354396912,0.014808772883409867,0.0018350405499894722
0.005245245245245245,9.566864385949147e-05,0.009566864385949147,0.014819603297103934,0.001844616990816248
0.005255255255255255,9.596544047020848e-05,0.009596544047020848,0.014830382380272629,0.0018542231410134662
0.005265265265265265,9.626245234918756e-05,0.009626245234918757,0.014841110213993881,0.0018638590221295012
0.005275275275275275,9.65596784711562e-05,0.00965596784711562,0.014851786879287907,0.001873524655610097
0.005285285285285285,9.68571178125021e-05,0.00968571178125021,0.014862412457117209,0.0018832200627985356
0.005295295295295295,9.715476935127306e-05,0.009715476935127306,0.014872987028386584,0.0018929452649358003
0.005305305305305305,9.745263206717697e-05,0.009745263206717697,0.01488351067394311,0.0019027002831607427
0.005315315315315315,9.775070494158193e-05,0.009775070494158194,0.014893983474576161,0.0019124851385102506
0.005325325325325325,9.804898695751617e-05,0.009804898695751617,0.014904405511017392,0.0019222998519194115
0.005335335335335335,9.834747709966794e-05,0.009834747709966795,0.01491477686394075,0.00193214444422168
0.005345345345345345,9.864617435438579e-05,0.009864617435438578,0.014925097613962471,0.001942018936149046
0.005355355355355355,9.894507770967831e-05,0.009894507770967832,0.01493536784164108,0.0019519233483321972
0.005365365365365365,9.924418615521422e-05,0.009924418615521423,0.014945587627477384,0.001961857701300687
0.005375375375375375,9.954349868232241e-05,0.00995434986823224,0.014955757051914487,0.001971822015483102
0.005385385385385385,9.98430142839919e-05,0.00998430142839919,0.014965876195337778,0.0019818163112072253
0.005395395395395395,0.0001001427319548718,0.01001427319548718,0.014975945138074933,0.001991840608700205
0.005405405405405406,0.00010044265069127144,0.010044265069127143,0.014985963960395915,0.002001894928088721
0.005415415415415415,0.00010074276949116018,0.010074276949116018,0.014995932742512982,0.0020119792893991476
0.005425425425425425,0.00010104308735416759,0.010104308735416758,0.015005851564580671,0.002022093712557723
0.005435435435435436,0.00010134360328158338,0.010134360328158338,0.015015720506695817,0.0020322382173907144
0.005445445445445445,0.00010164431627635732,0.010164431627635731,0.015025539648897536,0.0020424128236245834
0.005455455455455455,0.00010194522534309939,0.01019452253430994,0.015035309071167235,0.0020526175508861553
0.005465465465465466,0.00010224632948807969,0.010224632948807969,0.015045028853428613,0.00206285241870278
0.0054754754754754754,0.00010254762771922841,0.01025476277192284,0.01505469907554765,0.0020731174465025023
0.005485485485485485,0.00010284911904613592,0.010284911904613593,0.01506431981733262,0.002083412653614228
0.005495495495495496,0.00010315080248005273,0.010315080248005273,0.015073891158534082,0.002093738059267887
0.0055055055055055055,0.00010345267703388944,0.010345267703388944,0.015083413178844887,0.0021040936825946024
0.005515515515515515,0.0001037547417222168,0.01037547417222168,0.015092885957900173,0.0021144795426268565
0.005525525525525526,0.00010405699556126577,0.010405699556126578,0.015102309575277363,0.002124895658298655
0.0055355355355355355,0.00010435943756892731,0.01043594375689273,0.015111684110496175,0.0021353420484456946
0.005545545545545545,0.0001046620667647526,0.01046620667647526,0.015121009643018607,0.0021458187318055297
0.005555555555555556,0.00010496488216995297,0.010496488216995297,0.015130286252248952,0.0021563257270177374
0.0055655655655655655,0.00010526788280739981,0.01052678828073998,0.01513951401753379,0.0021668630526240833
0.005575575575575575,0.00010557106770162471,0.01055710677016247,0.015148693018161987,0.0021774307270686906
0.005585585585585586,0.0001058744358788194,0.01058744358788194,0.015157823333364701,0.002188028768698202
0.0055955955955955955,0.00010617798636683567,0.010617798636683566,0.015166905042315375,0.0021986571957619493
0.005605605605605605,0.0001064817181951855,0.01064817181951855,0.01517593822412974,0.002209316026412118
0.005615615615615616,0.00010678563039504105,0.010678563039504105,0.015184922957865821,0.0022200052787039143
0.0056256256256256255,0.00010708972199923449,0.01070897219992345,0.015193859322523925,0.002230724970595729
0.005635635635635635,0.00010739399204225823,0.010739399204225822,0.01520274739704665,0.0022414751199493084
0.005645645645645646,0.00010769843956026481,0.010769843956026481,0.015211587260318885,0.0022522557445299155
0.0056556556556556555,0.00010800306359106681,0.010800306359106681,0.015220378991167799,0.0022630668620064985
0.005665665665665665,0.00010830786317413704,0.010830786317413705,0.01522912266836286,0.002273908489951858
0.005675675675675676,0.00010861283735060846,0.010861283735060845,0.015237818370615816,0.0022847806458428095
0.0056856856856856855,0.00010891798516327405,0.010891798516327406,0.015246466176580709,0.002295683347060354
0.005695695695695695,0.00010922330565658703,0.010922330565658703,0.015255066164853864,0.0023066166108898427
0.005705705705705706,0.00010952879787666072,0.010952879787666072,0.015263618413973902,0.0023175804545211404
0.0057157157157157155,0.00010983446087126856,0.010983446087126857,0.015272123002421725,0.0023285748950487946
0.005725725725725725,0.00011014029368984413,0.011014029368984412,0.015280580008620526,0.002339599949472202
0.005735735735735736,0.0001104462953834812,0.01104462953834812,0.015288989510935788,0.002350655634695774
0.0057457457457457456,0.00011075246500490432,0.011075246500490432,0.015297351587674068,0.0023617419675290973
0.005755755755755755,0.00011105880157416419,0.011105880157416419,0.015305666315661225,0.0023728589646836683
0.005765765765765766,0.00011136530411438476,0.011136530411438476,0.01531393377172398,0.0023840066427731964
0.005775775775775776,0.00011167197167970917,0.011167197167970917,0.015322154033848128,0.0023951850183167108
0.005785785785785785,0.00011197880332587695,0.011197880332587694,0.015330327179959122,0.0024063941077387204
0.005795795795795796,0.0001122857981102239,0.01122857981102239,0.015338453287922044,0.0024176339273693738
0.005805805805805806,0.00011259295509168202,0.011259295509168201,0.015346532435541623,0.0024289044934446167
0.005815815815815815,0.00011290027333077967,0.011290027333077967,0.01535456470056223,0.002440205822106357
0.005825825825825826,0.00011320775188964148,0.011320775188964148,0.015362550160667881,0.002451537929402617
0.005835835835835836,0.00011351538983198829,0.01135153898319883,0.015370488893482226,0.0024629008312877006
0.005845845845845845,0.0001138231862231373,0.01138231862231373,0.015378380976568561,0.002474294543622349
0.005855855855855856,0.00011413114013000198,0.011413114013000198,0.015386226487429827,0.002485719082173901
0.005865865865865866,0.00011443925062109206,0.011443925062109206,0.015394025503508602,0.002497174462616452
0.005875875875875875,0.00011474751676651351,0.011474751676651351,0.015401778102187109,0.002508660700531018
0.005885885885885886,0.0001150559376379687,0.01150559376379687,0.015409484360787212,0.0025201778114056898
0.005895895895895896,0.00011536451230875612,0.011536451230875612,0.015417144356570416,0.0025317258106357958
0.005905905905905906,0.0001156732398537707,0.01156732398537707,0.01542475816673787,0.002543304713524061
0.005915915915915916,0.00011598211934950352,0.011598211934950352,0.015432325868430364,0.002554914535280768
0.005925925925925926,0.00011629114987404203,0.011629114987404203,0.015439847538728327,0.0025665552910239158
0.005935935935935936,0.00011660033050706993,0.011660033050706993,0.015447323254651837,0.0025782269957793785
0.005945945945945946,0.00011690966032986715,0.011690966032986715,0.015454753093160604,0.0025899296644810665
0.005955955955955956,0.00011721913842531,0.011721913842531,0.01546213713115399,0.0026016633119710876
0.005965965965965966,0.00011752876387787101,0.011752876387787102,0.015469475445470992,0.0026134279529999036
0.005975975975975976,0.00011783853577361896,0.011783853577361897,0.015476768112890251,0.002625223602226492
0.005985985985985986,0.00011814845320021896,0.011814845320021897,0.01548401521013005,0.002637050274218506
0.005995995995995996,0.00011845851524693245,0.011845851524693245,0.015491216813848317,0.0026489079834524335
0.006006006006006006,0.00011876872100461701,0.011876872100461702,0.015498373000642614,0.002660796744313756
0.006016016016016016,0.00011907906956572661,0.01190790695657266,0.015505483847050153,0.002672716571097112
0.006026026026026026,0.0001193895600243115,0.01193895600243115,0.015512549429547785,0.0026846674780064525
0.006036036036036036,0.00011970019147601813,0.011970019147601813,0.015519569824552002,0.0026966494791552027
0.006046046046046046,0.00012001096301808929,0.01200109630180893,0.015526545108418936,0.0027086625885664227
0.006056056056056056,0.00012032187374936408,0.012032187374936408,0.015533475357444369,0.002720706820172966
0.006066066066066066,0.0001206329227702778,0.012063292277027779,0.015540360647863714,0.0027327821878176378
0.006076076076076076,0.00012094410918286208,0.012094410918286207,0.015547201055852033,0.0027448887052533596
0.006086086086086086,0.00012125543209074485,0.012125543209074484,0.01555399665752403,0.0027570263861433244
0.006096096096096096,0.00012156689059915025,0.012156689059915024,0.015560747528934047,0.002769195244061157
0.006106106106106106,0.00012187848381489876,0.012187848381489876,0.015567453746076073,0.002781395292491077
0.006116116116116116,0.00012219021084640717,0.012219021084640716,0.015574115384883732,0.0027936265448280546
0.006126126126126126,0.0001225020708036884,0.01225020708036884,0.015580732521230297,0.002805889014377973
0.006136136136136136,0.00012281406279835187,0.012281406279835186,0.015587305230928676,0.0028181827143577884
0.006146146146146146,0.0001231261859436031,0.012312618594360312,0.015593833589731428,0.002830507657895687
0.006156156156156156,0.00012343843935424395,0.012343843935424394,0.015600317673330744,0.0028428638580312465
0.006166166166166166,0.00012375082214667257,0.012375082214667257,0.015606757557358466,0.002855251327715598
0.006176176176176176,0.00012406333343888343,0.012406333343888343,0.015613153317386068,0.002867670079811583
0.006186186186186186,0.00012437597235046718,0.012437597235046718,0.015619505028924676,0.0028801201270939117
0.006196196196196196,0.00012468873800261084,0.012468873800261085,0.01562581276742505,0.0028926014822493284
0.006206206206206206,0.00012500162951809766,0.012500162951809767,0.0156320766082776,0.002905114157876766
0.006216216216216216,0.0001253146460213072,0.012531464602130721,0.015638296626812365,0.002917658166487507
0.006226226226226226,0.00012562778663821527,0.012562778663821527,0.015644472898299042,0.0029302335205053467
0.006236236236236236,0.00012594105049639403,0.012594105049639403,0.015650605497946956,0.0029428402322667475
0.006246246246246246,0.00012625443672501177,0.012625443672501178,0.015656694500905087,0.0029554783140210024
0.006256256256256256,0.00012656794445483325,0.012656794445483325,0.01566273998226204,0.002968147777930395
0.006266266266266266,0.0001268815728182194,0.01268815728182194,0.01566874201704608,0.0029808486360703573
0.006276276276276276,0.0001271953209491274,0.01271953209491274,0.0156747006802251,0.002993580900429629
0.006286286286286286,0.0001275091879831108,0.01275091879831108,0.015680616046706647,0.0030063445829104207
0.006296296296296296,0.0001278231730545354,0.01278231730545354,0.015686488191257553,0.003019139695328292
0.006306306306306306,0.00012813727526257948,0.012813727526257947,0.01569231718752276,0.00303196624940863
0.006316316316316316,0.00012845149373185387,0.012845149373185387,0.01569810310977473,0.003044824256789196
0.006326326326326326,0.0001287658276005083,0.01287658276005083,0.015703846032570235,0.003057713729021479
0.006336336336336336,0.00012908027600820572,0.012908027600820571,0.01570954603040328,0.0030706346775708484
0.006346346346346346,0.00012939483809612252,0.012939483809612252,0.015715203177705122,0.0030835871138167065
0.006356356356356356,0.00012970951300694843,0.012970951300694844,0.015720817548844277,0.0030965710490526376
0.006366366366366366,0.00013002429988488647,0.013002429988488646,0.015726389218126496,0.00310958649448656
0.006376376376376376,0.00013033919787565305,0.013033919787565304,0.015731918259794784,0.00312263346124088
0.006386386386386386,0.00013065420612647796,0.013065420612647797,0.015737404748029395,0.0031357119603526397
0.006396396396396396,0.0001309693237861043,0.01309693237861043,0.015742848756947835,0.0031488220027736714
0.006406406406406407,0.00013128455000478855,0.013128455000478855,0.01574825036060485,0.0031619635993707473
0.006416416416416416,0.00013159988393430047,0.013159988393430046,0.015753609632992445,0.003175136760925732
0.006426426426426426,0.00013191532472792326,0.013191532472792327,0.01575892664803986,0.0031883414981357344
0.006436436436436437,0.0001322308715404535,0.013223087154045349,0.015764201479613604,0.0032015778216132576
0.006446446446446446,0.00013254652352820092,0.013254652352820091,0.015769434201517413,0.00321484574188635
0.006456456456456456,0.00013286227984898882,0.013286227984898882,0.015774624887492286,0.003228145269398762
0.006466466466466467,0.0001331781396621538,0.01331781396621538,0.015779773611216463,0.003241476414510089
0.0064764764764764764,0.00013349410212854567,0.013349410212854566,0.015784880446305438,0.003254839187495929
0.006486486486486486,0.00013381016641052777,0.013381016641052776,0.01578994546631195,0.003268233598548034
0.006496496496496497,0.00013412633167197676,0.013412633167197676,0.01579496874472599,0.0032816596577744587
0.0065065065065065065,0.0001344425970782825,0.013444259707828251,0.015799950354974793,0.0032951173751997118
0.006516516516516516,0.0001347589617963484,0.01347589617963484,0.015804890370422844,0.003308606760764912
0.006526526526526527,0.00013507542499459108,0.013507542499459107,0.01580978886437188,0.0033221278243279343
0.0065365365365365365,0.00013539198584294057,0.013539198584294056,0.015814645910060886,0.003335680575663564
0.006546546546546546,0.00013570864351284027,0.013570864351284028,0.015819461580666088,0.0033492650244636483
0.006556556556556557,0.0001360253971772469,0.013602539717724689,0.015824235949300974,0.0033628811803372467
0.0065665665665665665,0.00013634224601063048,0.013634224601063047,0.015828969089016272,0.003376529052810783
0.006576576576576576,0.00013665918918897448,0.013665918918897449,0.015833661072799956,0.003390208651328198
0.006586586586586587,0.0001369762258897757,0.01369762258897757,0.015838311973577254,0.003403919985251099
0.0065965965965965965,0.00013729335529204419,0.013729335529204419,0.01584292186421064,0.0034176630638589104
0.006606606606606606,0.00013761057657630347,0.013761057657630348,0.015847490817499844,0.0034314378963490313
0.006616616616616617,0.00013792788892459039,0.01379278889245904,0.015852018906181833,0.0034452444918369783
0.0066266266266266265,0.00013824529152045505,0.013824529152045505,0.01585650620293083,0.003459082859356543
0.006636636636636636,0.00013856278354896104,0.013856278354896105,0.015860952780358303,0.003472953007859943
0.006646646646646647,0.00013888036419668529,0.013888036419668529,0.015865358711012974,0.0034868549462179696
0.0066566566566566565,0.00013919803265171788,0.013919803265171789,0.015869724067380808,0.003500788683220143
0.006666666666666666,0.0001395157881036625,0.01395157881036625,0.015874048921885018,0.0035147542275748645
0.006676676676676677,0.0001398336297436361,0.01398336297436361,0.015878333346886073,0.003528751587909563
0.0066866866866866865,0.00014015155676426886,0.014015155676426886,0.015882577414681683,0.003542780772770851
0.006696696696696696,0.0001404695683597045,0.014046956835970448,0.015886781197506812,0.0035568417906246754
0.006706706706706707,0.00014078766372559995,0.014078766372559995,0.015890944767533673,0.0035709346498564673
0.0067167167167167165,0.00014110584205912556,0.014110584205912557,0.015895068196871715,0.0035850593587712946
0.006726726726726726,0.000141424102558965,0.0141424102558965,0.015899151557567655,0.003599215925594014
0.006736736736736737,0.00014174244442233795,0.014174244442233794,0.01590319492156773,0.003613404358469123
0.0067467467467467465,0.0001420608668288154,0.014206086682881541,0.015907198360512687,0.0036276246654589938
0.006756756756756756,0.00014237936897548795,0.014237936897548795,0.015911161946183285,0.003641876854545629
0.006766766766766767,0.00014269795006506563,0.014269795006506563,0.01591508575034955,0.0036561609336312213
0.0067767767767767766,0.0001430166093017276,0.01430166093017276,0.015918969844718193,0.0036704769105383008
0.006786786786786786,0.00014333534589112214,0.014333534589112214,0.015922814300932616,0.0036848247930098845
0.006796796796796797,0.00014365415904036668,0.014365415904036668,0.01592661919057291,0.003699204588709621
0.006806806806806807,0.0001439730479580477,0.01439730479580477,0.01593038458515585,0.003713616305221938
0.006816816816816816,0.00014429201185422089,0.014429201185422088,0.0159341105561349,0.0037280599500521903
0.006826826826826827,0.00014461104994041097,0.014461104994041097,0.015937797174900216,0.003742535530626806
0.006836836836836837,0.0001449301614296118,0.014493016142961179,0.01594144451277864,0.0037570430542934337
0.006846846846846846,0.00014524934553628632,0.014524934553628632,0.015945052641033703,0.00377158252832109
0.006856856856856857,0.0001455686014763667,0.01455686014763667,0.015948621630865623,0.003786153959900306
0.006866866866866867,0.00014588792846725407,0.014588792846725407,0.015952151553411304,0.003800757356143274
0.006876876876876876,0.00014620732572781877,0.014620732572781877,0.015955642479744347,0.003815392724083997
0.006886886886886887,0.0001465267924784003,0.01465267924784003,0.01595909448087503,0.0038300600706784316
0.006896896896896897,0.00014684632794080706,0.014684632794080707,0.015962507627750328,0.0038447594028046383
0.006906906906906906,0.00014716593133831682,0.014716593133831682,0.0159658819912539,0.0038594907272629284
0.006916916916916917,0.00014748560189567635,0.014748560189567635,0.015969217642206095,0.0038742540507760094
0.006926926926926927,0.00014780533883910148,0.014780533883910148,0.015972514651363946,0.003889049379989133
0.006936936936936937,0.0001481251413962773,0.014812514139627728,0.015975773089421184,0.003903876721470242
0.006946946946946947,0.0001484450087963578,0.01484450087963578,0.015978993027008215,0.003918736081710118
0.006956956956956957,0.0001487649402699663,0.014876494026996631,0.015982174534692146,0.003933627467122527
0.006966966966966967,0.00014908493504919517,0.014908493504919518,0.01598531768297676,0.003948550884044368
0.006976976976976977,0.0001494049923676058,0.01494049923676058,0.015988422542302545,0.00396350633873582
0.006986986986986987,0.00014972511146022876,0.014972511146022877,0.015991489183046655,0.0039784938373804875
0.006996996996996997,0.00015004529156356378,0.015004529156356378,0.015994517675522953,0.0039935133860855496
0.007007007007007007,0.00015036553191557963,0.015036553191557963,0.01599750808998198,0.0040085649908819035
0.007017017017017017,0.00015068583175571426,0.015068583175571425,0.016000460496610962,0.004023648657724317
0.007027027027027027,0.00015100619032487467,0.015100619032487467,0.016003374965533824,0.0040387643924915725
0.007037037037037037,0.000151326606865437,0.0151326606865437,0.01600625156681117,0.004053912200986611
0.007047047047047047,0.0001516470806212465,0.01516470806212465,0.0160090903704403,0.004069092088936686
0.007057057057057057,0.0001519676108376176,0.015196761083761761,0.01601189144635519,0.0040843040619935045
0.007067067067067067,0.00015228819676133372,0.015228819676133373,0.01601465486442652,0.0040995481257333774
0.007077077077077077,0.00015260883764064745,0.015260883764064745,0.016017380694461642,0.004114824285657367
0.007087087087087087,0.00015292953272528058,0.015292953272528059,0.016020069006204615,0.004130132547191429
0.007097097097097097,0.00015325028126642387,0.015325028126642387,0.016022719869336167,0.0041454729156865655
0.007107107107107107,0.00015357108251673728,0.015357108251673728,0.01602533335347373,0.004160845396418972
0.007117117117117117,0.0001538919357303499,0.015389193573034988,0.016027909528171413,0.004176249994590178
0.007127127127127127,0.0001542128401628598,0.015421284016285982,0.016030448462920018,0.004191686715327201
0.007137137137137137,0.00015453379507133436,0.015453379507133436,0.016032950227147034,0.0042071555636826906
0.007147147147147147,0.00015485479971430997,0.015485479971430996,0.01603541489021664,0.004222656544635074
0.007157157157157157,0.00015517585335179208,0.015517585335179208,0.01603784252142971,0.004238189663088706
0.007167167167167167,0.00015549695524525535,0.015549695524525535,0.016040233190023786,0.0042537549238740174
0.007177177177177177,0.00015581810465111558,0.015581810465111558,0.016042586965078598,0.004269352331747002
0.007187187187187187,0.00015613930080479063,0.015613930080479062,0.01604490391528525,0.0042849818913871214
0.007197197197197197,0.0001564605429664577,0.01564605429664577,0.016047184109608755,0.00430064360739978
0.007207207207207207,0.00015678183040080862,0.015678183040080864,0.016049427616994922,0.004316337484316778
0.007217217217217217,0.00015710316237394647,0.015710316237394648,0.0160516345063254,0.004332063526596452
0.007227227227227227,0.00015742453815338565,0.015742453815338564,0.016053804846417698,0.0043478217386238175
0.007237237237237237,0.00015774595700805176,0.015774595700805177,0.01605593870602517,0.00436361212471071
0.007247247247247247,0.00015806741820828163,0.015806741820828165,0.01605803615383702,0.004379434689095923
0.007257257257257257,0.00015838892102582337,0.01583889210258234,0.016060097258478307,0.0043952894359453555
0.007267267267267267,0.00015871046473383638,0.015871046473383638,0.016062122088509937,0.004411176369352146
0.007277277277277277,0.00015903204860689117,0.015903204860689118,0.016064110712428664,0.004427095493336819
0.007287287287287287,0.00015935367192096967,0.015935367192096966,0.016066063198667095,0.004443046811847427
0.007297297297297297,0.00015967533395346494,0.015967533395346494,0.016067979615593694,0.004459030328759686
0.007307307307307307,0.00015999703398318136,0.015999703398318136,0.01606986003151276,0.004475046047877121
0.007317317317317317,0.00016031877129033448,0.016031877129033447,0.01607170451466446,0.0044910939729312085
0.007327327327327327,0.0001606405451565512,0.01606405451565512,0.016073513133224797,0.004507174107581515
0.007337337337337337,0.00016096235486486957,0.016096235486486955,0.016075285955305635,0.004523286455415836
0.007347347347347347,0.00016128419969973896,0.016128419969973894,0.01607702304895468,0.004539431019950344
0.007357357357357357,0.00016160607894702,0.016160607894702,0.01607872448215549,0.004555607804629725
0.007367367367367367,0.00016192799189398445,0.016192799189398446,0.016080390322827483,0.004571816812827321
0.007377377377377377,0.00016224993782931545,0.016224993782931546,0.016082020638825918,0.004588058047845271
0.007387387387387387,0.0001625719160431074,0.016257191604310738,0.016083615497941902,0.004604331512914651
0.007397397397397397,0.00016289392582686577,0.016289392582686576,0.0160851749679024,0.004620637211195619
0.007407407407407407,0.00016321596647350748,0.016321596647350747,0.016086699116370222,0.004636975145777552
0.007417417417417417,0.00016353803727736063,0.016353803727736062,0.016088188010944034,0.00465334531967919
0.007427427427427427,0.0001638601375341645,0.01638601375341645,0.01608964171915835,0.004669747735848776
0.007437437437437438,0.00016418226654106975,0.016418226654106974,0.016091060308483528,0.004686182397164199
0.007447447447447447,0.00016450442359663815,0.016450442359663815,0.016092443846325785,0.00470264930643313
0.007457457457457457,0.0001648266080008428,0.01648266080008428,0.016093792400027184,0.004719148466393175
0.007467467467467468,0.00016514881905506812,0.016514881905506814,0.016095106036865644,0.004735679879712001
0.007477477477477477,0.0001654710560621096,0.01654710560621096,0.016096384824054927,0.004752243548987487
0.007487487487487487,0.00016579331832617406,0.016579331832617405,0.016097628828744645,0.004768839476747865
0.007497497497497498,0.00016611560515287965,0.016611560515287966,0.01609883811802027,0.0047854676654518575
0.0075075075075075074,0.0001664379158492557,0.016643791584925568,0.016100012758903118,0.004802128117488819
0.007517517517517517,0.00016676024972374272,0.016676024972374272,0.016101152818350353,0.004818820835178883
0.007527527527527528,0.00016708260608619264,0.016708260608619265,0.016102258363254993,0.004835545820773096
0.0075375375375375375,0.00016740498424786844,0.016740498424786844,0.016103329460445907,0.004852303076453564
0.007547547547547547,0.00016772738352144453,0.016772738352144455,0.016104366176687812,0.004869092604333589
0.007557557557557558,0.00016804980322100647,0.01680498032210065,0.016105368578681275,0.0048859144064578135
0.0075675675675675675,0.00016837224266205104,0.016837224266205104,0.016106336733062717,0.004902768484802363
0.007577577577577577,0.00016869470116148637,0.016869470116148637,0.016107270706404407,0.004919654841274984
0.007587587587587588,0.0001690171780376318,0.01690171780376318,0.016108170565214464,0.004936573477715187
0.0075975975975975975,0.0001693396726102178,0.016933967261021782,0.016109036375936858,0.0049535243958943875
0.007607607607607607,0.0001696621842003863,0.01696621842003863,0.016109868204951413,0.004970507597516048
0.007617617617617618,0.00016998471212106793,0.01699847121210679,0.016110666118503127,0.004987523084214854
0.0076276276276276275,0.00017030725566916086,0.017030725566916087,0.016111430182644746,0.00500457085755511
0.007637637637637637,0.00017062981416610438,0.01706298141661044,0.016112160463534735,0.005021650919033199
0.007647647647647648,0.00017095238693607957,0.017095238693607958,0.016112857027277175,0.005038763270077852
0.0076576576576576575,0.00017127497330462221,0.017127497330462222,0.016113519939911593,0.005055907912050287
0.007667667667667667,0.0001715975725986228,0.01715975725986228,0.01611414926741294,0.005073084846244343
0.007677677677677678,0.0001719201841463266,0.01719201841463266,0.01611474507569161,0.005090294073886619
0.0076876876876876875,0.00017224280727733346,0.017224280727733347,0.016115307430593424,0.005107535596136602
0.007697697697697697,0.0001725654413225981,0.01725654413225981,0.01611583639789965,0.005124809414086812
0.007707707707707708,0.0001728880856144299,0.017288808561442992,0.016116332043326978,0.005142115528762931
0.0077177177177177175,0.00017321073948649288,0.017321073948649287,0.01611679443252755,0.0051594539411239405
0.007727727727727727,0.0001735334022738058,0.01735334022738058,0.016117223631088917,0.00517682465206226
0.007737737737737738,0.00017385607331274223,0.017385607331274224,0.016117619704534097,0.005194227662403876
0.0077477477477477475,0.0001741787519410303,0.017417875194103028,0.01611798271832152,0.005211662972908483
0.007757757757757757,0.00017450143749775295,0.017450143749775295,0.01611831273784506,0.005229130584269619
0.007767767767767768,0.00017482412932334787,0.017482412932334785,0.01611860982843402,0.005246630497114799
0.0077777777777777776,0.00017514682675960733,0.017514682675960732,0.01611887405535315,0.005264162712005651
0.007787787787787787,0.0001754695291496784,0.01754695291496784,0.016119105483802625,0.005281727229438052
0.007797797797797798,0.0001757922358380629,0.01757922358380629,0.01611930417891806,0.0052993240498422625
0.007807807807807808,0.00017611494617061723,0.017611494617061723,0.0161194702057705,0.005316953173583066
0.007817817817817818,0.00017643765949455268,0.017643765949455267,0.016119603629366434,0.005334614600959898
0.007827827827827828,0.00017676037515843506,0.017676037515843505,0.016119704514647778,0.005352308332206988
0.007837837837837838,0.00017708309251218503,0.017708309251218503,0.016119772926491884,0.005370034367493492
0.007847847847847847,0.0001774058109070779,0.01774058109070779,0.016119808929711547,0.0053877927069236305
0.007857857857857857,0.00017772852969574375,0.017772852969574374,0.01611981258905499,0.005405583350536819
0.007867867867867868,0.00017805124823216739,0.01780512482321674,0.016119783969205867,0.005423406298307808
0.007877877877877878,0.0001783739658716881,0.017837396587168812,0.01611972313478328,0.0054412615501468154
0.007887887887887888,0.00017869668197100023,0.017869668197100022,0.016119630150341756,0.005459149105899667
0.007897897897897898,0.00017901939588815257,0.017901939588815256,0.01611950508037126,0.00547706896534793
0.007907907907907907,0.00017934210698254877,0.017934210698254877,0.016119347989297195,0.005495021128209045
0.007917917917917917,0.00017966481461494717,0.017966481461494717,0.016119158941480395,0.005513005594136469
0.007927927927927928,0.0001799875181474608,0.01799875181474608,0.016118938001217133,0.0055310223627197995
0.007937937937937938,0.00018031021694355732,0.01803102169435573,0.016118685232739113,0.005549071433484919
0.007947947947947948,0.00018063291036805922,0.01806329103680592,0.016118400700213475,0.005567152805894134
0.007957957957957958,0.00018095559778714368,0.018095559778714368,0.0161180844677428,0.0055852664793463
0.007967967967967967,0.0001812782785683426,0.01812782785683426,0.0161177365993651,0.005603412453176965
0.007977977977977977,0.00018160095208054252,0.018160095208054252,0.016117357159053818,0.005621590726658502
0.007987987987987989,0.00018192361769398481,0.018192361769398483,0.016116946210717836,0.005639801299000243
0.007997997997997998,0.00018224627478026538,0.01822462747802654,0.016116503818201473,0.005658044169348618
0.008008008008008008,0.00018256892271233504,0.018256892271233505,0.016116030045284484,0.005676319336787289
0.008018018018018018,0.0001828915608644992,0.01828915608644992,0.016115524955682057,0.005694626800337289
0.008028028028028027,0.00018321418861241799,0.0183214188612418,0.01611498861304481,0.0057129665589571495
0.008038038038038037,0.0001835368053331063,0.018353680533310632,0.016114421080958806,0.005731338611543047
0.008048048048048049,0.00018385941040493378,0.01838594104049338,0.016113822422945533,0.005749742956928928
0.008058058058058058,0.00018418181813181084,0.018418181813181084,0.0161132019287663,0.00576817957536054
0.008068068068068068,0.00018450441461439647,0.01845044146143965,0.016112540380489777,0.00578664848573235
0.008078078078078078,0.00018482699640475937,0.018482699640475938,0.01611184795346566,0.005805149686573668
0.008088088088088087,0.00018514956293793413,0.018514956293793412,0.016111124708264785,0.005823683176357244
0.008098098098098097,0.00018547211364895519,0.018547211364895518,0.016110370705457996,0.0058422489534992825
0.008108108108108109,0.00018579464797285715,0.018579464797285714,0.016109586005616128,0.005860847016359429
0.008118118118118118,0.00018611716534467441,0.018611716534467443,0.016108770669310022,0.005879477363240778
0.008128128128128128,0.00018643966519944153,0.01864396651994415,0.016107924757110516,0.00589813999238987
0.008138138138138138,0.00018676214697219303,0.018676214697219303,0.01610704832958845,0.005916834901996696
0.008148148148148147,0.00018708461009796337,0.018708461009796336,0.016106141447314662,0.00593556209019469
0.008158158158158157,0.00018740705401178713,0.01874070540117871,0.01610520417085999,0.0059543215550607355
0.008168168168168169,0.0001877294781486988,0.01877294781486988,0.016104236560795276,0.005973113294615162
0.008178178178178178,0.00018805188194373284,0.018805188194373285,0.016103238677691357,0.005991937306821741
0.008188188188188188,0.00018837426483192377,0.018837426483192376,0.01610221058211907,0.0060107935895876985
0.008198198198198198,0.00018869662624830614,0.018869662624830613,0.016101152334649257,0.006029682140763704
0.008208208208208207,0.00018901896562791443,0.018901896562791443,0.016100063995852756,0.006048602958143877
0.008218218218218219,0.0001893412824057832,0.018934128240578323,0.016098945626300404,0.006067556039465779
0.008228228228228229,0.00018966357601694689,0.01896635760169469,0.01609779728656304,0.006086541382410418
0.008238238238238238,0.00018998584589644002,0.018998584589644003,0.016096619037211508,0.006105558984602253
0.008248248248248248,0.0001903080914792971,0.01903080914792971,0.01609541093881664,0.006124608843609189
0.008258258258258258,0.00019063031220055266,0.019063031220055267,0.01609417305194928,0.006143690956942577
0.008268268268268267,0.0001909525074952412,0.01909525074952412,0.016092905437180265,0.006162805322057216
0.008278278278278279,0.00019127467679839729,0.01912746767983973,0.01609160815508043,0.006181951936351351
0.008288288288288289,0.00019159681954505531,0.01915968195450553,0.01609028126622062,0.006201130797166671
0.008298298298298298,0.00019191893517024985,0.019191893517024983,0.016088924831171674,0.0062203419017883175
0.008308308308308308,0.0001922410231090154,0.01922410231090154,0.016087538910504424,0.006239585247444875
0.008318318318318318,0.00019256308279638648,0.01925630827963865,0.016086123564789716,0.006258860831308377
0.008328328328328327,0.0001928851136673976,0.01928851136673976,0.016084678854598387,0.006278168650494304
0.008338338338338339,0.00019320711515708331,0.01932071151570833,0.016083204840501273,0.006297508702061581
0.008348348348348349,0.00019352908670047802,0.019352908670047804,0.016081701583069215,0.00631688098301258
0.008358358358358358,0.0001938510277326163,0.01938510277326163,0.016080169142873052,0.006336285490293122
0.008368368368368368,0.00019417293768853264,0.019417293768853264,0.01607860758048362,0.006355722220792473
0.008378378378378378,0.00019449481600326154,0.019449481600326154,0.016077016956471766,0.00637519117134335
0.008388388388388388,0.00019481666211183755,0.019481666211183756,0.016075397331408323,0.006394692338721914
0.008398398398398399,0.00019513847544929522,0.019513847544929522,0.016073748765864124,0.00641422571964777
0.008408408408408409,0.00019546025545066892,0.019546025545066893,0.01607207132041002,0.006433791310783973
0.008418418418418418,0.00019578200155099325,0.019578200155099326,0.016070365055616844,0.006453389108737025
0.008428428428428428,0.0001961037131853027,0.01961037131853027,0.01606863003205543,0.006473019110056874
0.008438438438438438,0.00019642538978863178,0.01964253897886318,0.016066866310296628,0.0064926813112369175
0.008448448448448448,0.00019674703079601498,0.019674703079601497,0.01606507395091127,0.006512375708713997
0.008458458458458459,0.00019706863564248692,0.01970686356424869,0.016063253014470192,0.006532102298868402
0.008468468468468469,0.00019739020376308193,0.019739020376308192,0.01606140356154424,0.006551861078023864
0.008478478478478478,0.00019771173459283463,0.01977117345928346,0.016059525652704246,0.006571652042447571
0.008488488488488488,0.00019803322756677951,0.01980332275667795,0.016057619348521054,0.006591475188350152
0.008498498498498498,0.00019835468213026425,0.019835468213026425,0.01605568470832189,0.006611330511886714
0.008508508508508508,0.0001986760977303369,0.01986760977303369,0.016053721791228957,0.006631218009157019
0.008518518518518519,0.00019899747380393385,0.019899747380393386,0.016051730657583765,0.006651137676204462
0.008528528528528529,0.0001993188097879901,0.01993188097879901,0.016049711367727964,0.006671089509016071
0.008538538538538538,0.00019964010511944085,0.019964010511944085,0.016047663982003208,0.006691073503522521
0.008548548548548548,0.0001999613592352213,0.01999613592352213,0.016045588560751146,0.006711089655598118
0.008558558558558558,0.00020028257157226654,0.020028257157226656,0.016043485164313427,0.006731137961060807
0.008568568568568568,0.0002006037415675118,0.02006037415675118,0.016041353853031706,0.006751218415672171
0.008578578578578579,0.0002009248686578922,0.02009248686578922,0.01603919468724763,0.006771331015137426
0.008588588588588589,0.0002012459522803429,0.020124595228034288,0.016037007727302852,0.006791475755105428
0.008598598598598598,0.000201566991871799,0.0201566991871799,0.016034793033539024,0.00681165263116867
0.008608608608608608,0.00020188798686919572,0.02018879868691957,0.016032550666297798,0.006831861638863284
0.008618618618618618,0.0002022089367094682,0.020220893670946823,0.016030280685920818,0.0068521027736690365
0.008628628628628628,0.0002025298408295516,0.020252984082955162,0.016027983152749743,0.0068723760310093335
0.008638638638638639,0.00020285069866638112,0.02028506986663811,0.016025658127126217,0.006892681406251214
0.008648648648648649,0.0002031715096568918,0.020317150965689177,0.016023305669391898,0.006913018894705357
0.008658658658658658,0.00020349227323801885,0.020349227323801886,0.01602092583988843,0.006933388491626079
0.008668668668668668,0.00020381298884669744,0.020381298884669743,0.01601851869895747,0.006953790192211332
0.008678678678678678,0.00020413365591986273,0.020413365591986272,0.016016084306940667,0.006974223991602709
0.008688688688688688,0.00020445427389444984,0.020445427389444985,0.016013622724179673,0.006994689884885438
0.008698698698698699,0.000204774842207394,0.0204774842207394,0.016011134011016132,0.007015187867088381
0.008708708708708709,0.0002050953603219325,0.02050953603219325,0.016008618226385354,0.007035717933186673
0.008718718718718719,0.0002054158278590151,0.02054158278590151,0.016006075420789925,0.007056280078117505
0.008728728728728728,0.00020573624430879434,0.020573624430879435,0.016003505651726025,0.007076874296767033
0.008738738738738738,0.00020605660912975158,0.02060566091297516,0.01600090897838325,0.007097500583967209
0.00874874874874875,0.00020637692178036824,0.020637692178036824,0.0159982854599512,0.007118158934495776
0.008758758758758759,0.00020669718171912555,0.020669718171912554,0.015995635155619477,0.007138849343076268
0.008768768768768769,0.00020701738840450492,0.02070173884045049,0.01599295812457768,0.00715957180437802
0.008778778778778779,0.00020733754129498768,0.02073375412949877,0.015990254426015406,0.007180326313016156
0.008788788788788788,0.0002076576398490552,0.02076576398490552,0.015987524119122257,0.0072011128635515965
0.008798798798798798,0.00020797768352518885,0.020797768352518883,0.015984767263087833,0.007221931450491056
0.00880880880880881,0.00020829767178186996,0.020829767178186995,0.01598198391710173,0.00724278206828704
0.00881881881881882,0.00020861760407757987,0.020861760407757987,0.01597917414035355,0.0072636647113378475
0.008828828828828829,0.0002089374798707999,0.02089374798707999,0.015976337992032894,0.007284579373987576
0.008838838838838839,0.00020925729862001147,0.020925729862001148,0.01597347553132936,0.007305526050526116
0.008848848848848848,0.0002095770597836959,0.02095770597836959,0.015970586817432544,0.0073265047351891485
0.008858858858858858,0.0002098967628203345,0.02098967628203345,0.015967671909532053,0.007347515422158152
0.00886886886886887,0.00021021640718840874,0.021021640718840873,0.01596473086681748,0.007368558105560396
0.00887887887887888,0.00021053599234639983,0.021053599234639984,0.015961763748478425,0.007389632779468944
0.008888888888888889,0.00021085551775278918,0.02108555177527892,0.015958770613704494,0.007410739437902656
0.008898898898898899,0.00021117498286605816,0.021117498286605817,0.01595575152168528,0.0074318780748261854
0.008908908908908908,0.00021149438714468808,0.02114943871446881,0.01595270653161038,0.007453048684149978
0.008918918918918918,0.00021181373004716032,0.021181373004716033,0.015949635702669406,0.007474251259730276
0.00892892892892893,0.00021213301115972222,0.021213301115972222,0.015946539087052795,0.0074954857953819015
0.00893893893893894,0.0002124522301081882,0.02124522301081882,0.015943416734783476,0.00751675228488222
0.008948948948948949,0.00021277138637650758,0.02127713863765076,0.01594026870365588,0.007538050721956945
0.008958958958958959,0.00021309047944837405,0.021309047944837404,0.015937095051478462,0.007559381100280105
0.008968968968968968,0.00021340950880748114,0.021340950880748114,0.015933895836059666,0.007580743413474047
0.008978978978978978,0.00021372847393752247,0.021372847393752246,0.015930671115207934,0.007602137655109436
0.00898898898898899,0.0002140473743221917,0.02140473743221917,0.01592742094673172,0.007623563818705252
0.008998998998999,0.00021436620944518232,0.02143662094451823,0.015924145388439465,0.007645021897728793
0.009009009009009009,0.00021468497879018796,0.021468497879018795,0.01592084449813962,0.007666511885595679
0.009019019019019019,0.00021500368184090222,0.02150036818409022,0.015917518333640635,0.007688033775669843
0.009029029029029028,0.00021532231808101871,0.021532231808101873,0.01591416695275095,0.007709587561263538
0.009039039039039038,0.000215640886994231,0.0215640886994231,0.015910790413279016,0.007731173235637336
0.00904904904904905,0.0002159593880642328,0.021595938806423277,0.01590738877303328,0.007752790792000123
0.00905905905905906,0.00021627782077471755,0.021627782077471756,0.01590396208982219,0.007774440223509103
0.009069069069069069,0.0002165961846093789,0.02165961846093789,0.01590051042145419,0.007796121523269801
0.009079079079079079,0.00021691447905191044,0.021691447905191043,0.015897033825737733,0.007817834684336058
0.009089089089089088,0.0002172327035860058,0.02172327035860058,0.015893532360481258,0.007839579699710032
0.009099099099099098,0.00021755085769535856,0.021755085769535856,0.015890006083493217,0.007861356562342202
0.00910910910910911,0.00021786894086366237,0.021786894086366238,0.01588645505258206,0.007883165265131359
0.00911911911911912,0.00021818695257461073,0.021818695257461072,0.015882879325556227,0.007905005800924613
0.009129129129129129,0.00021850489231189726,0.021850489231189724,0.01587927896022417,0.007926878162517394
0.009139139139139139,0.00021882276898727438,0.02188227689872744,0.015875653487455586,0.0079487823435972
0.009149149149149148,0.00021914056182772108,0.021914056182772108,0.015872004097216463,0.007970718335772148
0.009159159159159158,0.00021945828167628948,0.02194582816762895,0.015868330212435222,0.007992686131735741
0.00916916916916917,0.00021977592801889195,0.021977592801889195,0.015864631890796312,0.008014685724130026
0.00917917917917918,0.00022009350034258424,0.022009350034258423,0.015860909189920256,0.0080367171055457
0.009189189189189189,0.00022041099813556586,0.022041099813556585,0.01585716216736367,0.008058780268522232
0.009199199199199199,0.0002207284208871798,0.02207284208871798,0.01585339088061925,0.008080875205547976
0.009209209209209208,0.00022104576808791264,0.022104576808791264,0.01584959538711578,0.008103001909060279
0.009219219219219218,0.00022136303922939458,0.022136303922939457,0.015845775744218134,0.008125160371445605
0.00922922922922923,0.00022168023380439938,0.02216802338043994,0.015841932009227257,0.00814735058503964
0.00923923923923924,0.00022199735130684422,0.022199735130684423,0.0158380642393802,0.00816957254212741
0.009249249249249249,0.00022231439123179003,0.022231439123179004,0.01583417249185008,0.008191826234943406
0.009259259259259259,0.00022263135307544122,0.022263135307544122,0.015830256823746107,0.008214111655671678
0.009269269269269268,0.00022294823633514584,0.022294823633514583,0.01582631729211358,0.008236428796445967
0.00927927927927928,0.00022326504050939548,0.022326504050939548,0.015822353953933877,0.008258777649349812
0.00928928928928929,0.0002235817650978252,0.02235817650978252,0.015818366866124468,0.008281158206416662
0.0092992992992993,0.00022389840960121375,0.022389840960121376,0.0158143560855389,0.008303570459629995
0.009309309309309309,0.00022421497352148346,0.022421497352148347,0.015810321668966815,0.008326014400923436
0.009319319319319319,0.00022453145636170017,0.022453145636170017,0.01580626367313393,0.008348490022180863
0.009329329329329328,0.0002248478576260733,0.022484785762607328,0.015802182154702058,0.008370997315236528
0.00933933933933934,0.00022516417681995592,0.022516417681995592,0.015798077170269084,0.008393536271875163
0.00934934934934935,0.00022548041344984447,0.02254804134498445,0.015793948776368992,0.008416106883832104
0.00935935935935936,0.0002257965671529773,0.02257965671529773,0.015789797021833245,0.008438709142806375
0.009369369369369369,0.0002261126376201876,0.02261126376201876,0.015785621952337882,0.008461343040466054
0.009379379379379379,0.00022642862437668125,0.022642862437668124,0.015781423623324606,0.008484008568431687
0.009389389389389389,0.00022674452694816012,0.02267445269481601,0.015777202090209375,0.008506705718276348
0.0093993993993994,0.00022706034486169086,0.022706034486169088,0.015772957408331196,0.008529434481525768
0.00940940940940941,0.0002273760776457048,0.02273760776457048,0.015768689632952124,0.008552194849658471
0.00941941941941942,0.00022769172482999813,0.022769172482999814,0.015764398819257255,0.008574986814105918
0.009429429429429429,0.00022800728594573176,0.022800728594573175,0.015760085022354747,0.008597810366252637
0.009439439439439439,0.0002283227605254314,0.022832276052543142,0.01575574829727579,0.008620665497436363
0.009449449449449449,0.00022863814810298748,0.022863814810298748,0.015751388698974637,0.008643552198948174
0.00945945945945946,0.00022895344821365527,0.022895344821365526,0.015747006282328578,0.008666470462032625
0.00946946946946947,0.00022926866039405463,0.022926866039405462,0.015742601102137956,0.008689420277887886
0.00947947947947948,0.0002295837841821704,0.02295837841821704,0.01573817321312616,0.00871240163766588
0.009489489489489489,0.00022989881911735204,0.022989881911735205,0.015733722669939627,0.00873541453247242
0.009499499499499499,0.00023021376474031388,0.023021376474031387,0.015729249527147847,0.008758458953367347
0.009509509509509509,0.0002305286205931349,0.023052862059313492,0.01572475383924335,0.00878153489136466
0.00951951951951952,0.00023084338621925902,0.023084338621925903,0.015720235660641714,0.008804642337432654
0.00952952952952953,0.00023115806116349468,0.023115806116349467,0.015715695045681575,0.008827781282494064
0.00953953953953954,0.00023147264497201523,0.023147264497201524,0.01571113204862461,0.008850951717426198
0.00954954954954955,0.00023178713719235883,0.023178713719235883,0.01570654672365554,0.008874153633061068
0.009559559559559559,0.0002321015373734283,0.02321015373734283,0.01570193912488214,0.008897387020185533
0.009569569569569569,0.00023241584506549127,0.023241584506549128,0.015697309306335238,0.00892065186954144
0.00957957957957958,0.00023273005982018025,0.023273005982018025,0.01569265732196869,0.008943948171825745
0.00958958958958959,0.00023304418119049223,0.023304418119049222,0.015687983225659424,0.008967275917690658
0.0095995995995996,0.0002333582087307892,0.02333582087307892,0.015683287071207405,0.008990635097743789
0.00960960960960961,0.00023367214199679785,0.023367214199679784,0.01567856891233564,0.009014025702548273
0.009619619619619619,0.00023398598054560966,0.023398598054560966,0.015673828802690193,0.009037447722622908
0.009629629629629629,0.0002342997239356808,0.02342997239356808,0.015669066795840174,0.009060901148442296
0.00963963963963964,0.00023461337172683236,0.023461337172683238,0.01566428294527774,0.009084385970436976
0.00964964964964965,0.00023492692348024997,0.023492692348024997,0.015659477304418093,0.009107902178993557
0.00965965965965966,0.00023524037875848416,0.023524037875848416,0.01565464992659949,0.009131449764454867
0.00966966966966967,0.00023555373712545025,0.023555373712545024,0.01564980086508323,0.009155028717120076
0.009679679679679679,0.00023586699814642827,0.023586699814642828,0.01564493017305366,0.009178639027244842
0.009689689689689689,0.00023618016138806305,0.023618016138806305,0.01564003790361818,0.009202280685041447
0.0096996996996997,0.00023649322641836417,0.023649322641836418,0.015635124109807233,0.009225953680678921
0.00970970970970971,0.0002368061928067059,0.02368061928067059,0.015630188844574313,0.009249658004283196
0.00971971971971972,0.0002371190601238274,0.02371190601238274,0.01562523216079596,0.009273393645937232
0.00972972972972973,0.00023743182794183252,0.023743182794183252,0.01562025411127176,0.009297160595681158
0.009739739739739739,0.0002377444958341899,0.02377444958341899,0.015615254748724354,0.00932095884351241
0.00974974974974975,0.00023805706337573298,0.0238057063375733,0.015610234125799422,0.00934478837938586
0.00975975975975976,0.00023836953014265985,0.023836953014265985,0.0156051922950657,0.009368649193213952
0.00976976976976977,0.00023868189571253344,0.023868189571253345,0.015600129309014965,0.009392541274866857
0.00977977977977978,0.00023899415966428152,0.023899415966428153,0.01559504522006205,0.009416464614172589
0.00978978978978979,0.00023930632157819647,0.023930632157819647,0.01558994008054483,0.009440419200917153
0.009799799799799799,0.00023961838103593556,0.023961838103593557,0.015584813942724225,0.009464405024844675
0.00980980980980981,0.0002399303376205208,0.02399303376205208,0.015579666858784211,0.00948842207565754
0.00981981981981982,0.00024024219091633888,0.024024219091633887,0.015574498880831808,0.009512470343016534
0.00982982982982983,0.00024055394050914134,0.024055394050914135,0.015569310060897084,0.009536549816540972
0.00983983983983984,0.00024086558598604446,0.024086558598604445,0.015564100450933153,0.009560660485808843
0.00984984984984985,0.0002411771269355293,0.02411771269355293,0.015558870102816182,0.009584802340356942
0.009859859859859859,0.00024148856294744166,0.024148856294744166,0.015553619068345381,0.009608975369681012
0.00986986986986987,0.0002417998936129922,0.02417998936129922,0.015548347399243009,0.009633179563235868
0.00987987987987988,0.00024211111852475613,0.02421111185247561,0.015543055147154377,0.00965741491043554
0.00988988988988989,0.00024242223727667363,0.024242223727667364,0.01553774236364784,0.009681681400653426
0.0098998998998999,0.00024273324946404956,0.024273324946404957,0.015532409100214799,0.0097059790232224
0.00990990990990991,0.00024304415468355358,0.024304415468355357,0.01552705540826971,0.009730307767434967
0.009919919919919919,0.00024335495253322004,0.024335495253322004,0.015521681339150068,0.0097546676225434
0.00992992992992993,0.0002436656426124482,0.02436656426124482,0.015516286944116423,0.009779058577759863
0.00993993993993994,0.0002439762245220019,0.02439762245220019,0.015510872274352373,0.009803480622256559
0.00994994994994995,0.0002442866978640098,0.024428669786400983,0.015505437380964557,0.00982793374516587
0.00995995995995996,0.00024459706224196553,0.024459706224196555,0.01549998231498267,0.00985241793558048
0.00996996996996997,0.0002449073172607272,0.024490731726072718,0.01549450712735945,0.009876933182553524
0.009979979979979979,0.0002452174625265178,0.02452174625265178,0.015489011868970684,0.009901479475098724
0.00998998998998999,0.00024552749764270785,0.024552749764270784,0.015483496590776354,0.009926056802190086
0.01,0.0002458374220793586,0.02458374220793586,0.015477961348805434,0.00995066515274858
