{"C": 0.06347794882023057, "L": 0.23110173537794218, "R": 2.516967794502014}