,Nome da Usina,Número da Barra,"Potência
Nominal
(MW)",Pmín Unidade (MW),Pmáx Unidade (MW),"Qmin por
Unidade
(Mvar)","Qmáx por
Unidade
(Mvar)",Despacho Atual,Unnamed: 8,Unnamed: 9,Unnamed: 10,Despacho Novo,Unnamed: 12,Modificações,Unnamed: 14,Unnamed: 15,Unnamed: 16,Unnamed: 17,Número Máximo de Síncronos Despacháveis,Síncronos Despachados,Máquinas P.ativa Despacho Atual/Novo,"Nº Máximo de 
Unidades",Estado,Subsistema,Tipo de Usina,Nome do Rio,Nome da Bacia/ Estado,Região de Influência,Despacho da Usina em relação a Potência Instalada,Potência Instalada da Usina em relação ao Nominal da Bacia,Despacho da Usina em relação ao despacho da Bacia,Dados de Linha,Unnamed: 32,Unnamed: 33,Unnamed: 34,Máximo Síncronos Despacháveis,Balanço síncronos,UMX,Síncronos Despachados.1,Mq. Pativa modif + grupo,Mq. Pativa UMX UMN,Mq. Pativa,PInércia,Multiplos Grupos,Sincrono,Max Síncronos,UMN,Pmin,Pmax,Check Pmin,Numeração,Desp min,Sinc min,Nome da Barra do gerador CADASTRO,Qmin,Qmax,Carga Própria UGs (MW),"RPO
sincronizada","Const. Inércia
Equivalente",COD. CEG,COD. PEE,"CVU
(R$/MWh)",Inflexibilidade,Maior Reserva (MW),Unnamed: 64,Unnamed: 65,Unnamed: 66,Unnamed: 67,Unnamed: 68,Unnamed: 69,Unnamed: 70,Unnamed: 71,Unnamed: 72,Unnamed: 73,Unnamed: 74,Unnamed: 75
0,,,,,,,,,,,,,,,,,,,,,,,,,,,,,,,,no PWF,,N° Circ,Nome da Barra do GERADOR,,,,,,,,min,,,,,,,,,,,,,,,,,,,,,489.700000000001,Belo Monte,,,,,,,,,,,
1,,,,,,,,MW,%,Mvar,Vterm,MW,%,MW,%,Forçar Nº de Máq,"Despacho
Síncronos",V term,,,,,,,Tipo de Usina,,,,,,,Barra DE,Barra PARA,,,,,,,,,,,,,,,,,,,,,,Qmin,Qmax,,9776.816,352.269093,Qmin,Qmin,Qmax,Qmin,Maior Inécia (MVA.s),,,,,,,,,,,,
2,,2,3,4,5,6,7,8,9,10,11,12,13,14,15,16,17,18,19,20,21,22,23,24,25,26,27,28,29.0,30.0,31.0,32,33,34,35,36,37,38,39,40,41,42,43,44,45,46,47,48,49,50,51.0,52.0,53.0,54,55,56,57.0,58,59.0,60,61,62,63,54042.289,Belo Monte,Fórmulas TextBoxes,Descrição,,,,,,,,,
3,Tambaqui,8615,39,1.64,3.282,-1.93,2.67,35,0.897435897435898,16.71,0.987,35,0.897435897435898,,,,,,-,-,11,12,AM,N,Gás Natural,,Amazonas,,0.897435897435898,0.0296577946768061,0.0,8543,8615,1,PIETB1UTE011,-,-,12,-,,11,11,3.282,-,-,-,0,1.64,3.282,OK,342.0,,,PIETB1UTE000,-1.93,2.67,,1.102,44.616,,209,0,33,RPO UHE,9045.334,TUC1: 667  /  TUC2: 287,Tucuruí 1; Tucuruí 2,,,,,,,,,SE-CO
4,Angra 2,11,1350,1082,1350,-350,600,1215,0.9,360.9,0.95,945,0.7,,0.7,,,,-,-,1,1,RJ,SE-CO,Nuclear,,Rio de Janeiro,,0.9,0.123231401186673,0.0,105,11,1,ANGRA2UNE001,-,-,1,-,1,1,1,1350,-,-,-,0,1082,1350,REDESPACHAR,198.0,,,ANGRA2UNE000,-350,600,,405,6575.58,UTN.UR.RJ.000101-5.01,13,20.12,1080,RPO UTE,731.482,TUCURUÍ: 954 MW,Geração Total Tucuruí,,,,,,,,,S
5,Lajeado,7206,900,100,180,-57,57,880,0.977777777777778,-263,0.969,880,0.977777777777778,,,,,,-,-,5,5,TO,SE-CO,Fio d´Agua,Rio Tocantins,Rio Tocantins,,0.977777777777778,0.0696163366336634,0.0,7207,7206,1,LAJEADUHE005,-,-,5,-,,5,5,180,-,-,-,0,100,180,OK,127.0,100.0,,LAJEADUHE000,-57,57,,20,2910.8,UHE.PH.TO.001304-8.01,,,,RPO TOT,9776.816,SF: 6797MW,Geração São Francisco,,,,,,,,,NE
6,Ilha Solteira,501,3430,90,171.5,-50,50,2731,0.796209912536443,58.45,0.954,2731,0.796209912536443,,,,,,4,4,16,20,SP,SE-CO,Reservatório,Rio Paraná,Bacia do Paraná,Malha de 440kV - SP,0.796209912536443,0.522228989037759,0.0,538,501,1,I.SOLTUHE013,4,0,20,4,,16,16,171.5,-,531,4,0,90,171.5,OK,42.0,479.0,,I.SOLTUHE000,-50,50,,13,13783.0,UHE.PH.SP.001120-7.01,,,,Heq SE/CO,181.576008,"RPO sincronizada:9.777MW  9,0%",RPO Sincronizada,,,,,,,,,N
7,Boa Esperança,5522,127,53.1,63.5,-40,37,123,0.968503937007874,-39.3,0.95,123,0.968503937007874,,,,,,0,0,2,2,PI,NE,Reservatório,Rio Parnaíba,Rio Parnaíba,Sistema de 230kV do Nordeste,0.968503937007874,0.564444444444444,0.0,44095,5522,1,UBE2--UHE002,0,0,2,0,,2,2,63.5,-,5523,2,0,53.1,63.5,OK,122.0,,,UBE2--UHE000,-40,37,,4,525.28,UHE.PH.PI.000267-4.01,,,,Heq SUL,48.975217,"Heq = 352,269",Inércia Equivalente,,,,,,,,,SISOL
8,Ponte de Pedra,4520,176,40,58.7,-19.3,20,169,0.960227272727273,-15.1,0.985,169,0.960227272727273,,,,,,-,-,3,3,MT,SE-CO,Fio d´Agua,Rio Correntes,Bacia do Paraguai,,0.960227272727273,0.263473053892216,0.0,4594,4520,1,P.PEDRUHE003,-,-,3,-,,3,3,58.7,-,-,-,0,40,58.7,OK,165.0,,,P.PEDRUHE000,-19.3,20,,7.10000000000002,558.0,UHE.PH.MT.002103-2.01,,,,Heq NE,30.927796,Swing: 2731 > 267   UHE SECO:66%,SWING e UHE SECO,,,,,,,,,
9,Garibaldi,9735,189,45,63,-32.3,32.3,113,0.597883597883598,-44,1,113,0.597883597883598,,,,,,-,-,2,3,SC,S,Fio d´Agua,Rio Canoas,Rio Uruguai,,0.597883597883598,0.0320393286997796,0.0,9737,9735,1,GARIBAUHE002,-,-,3,-,,2,2,63,-,-,-,0,45,63,OK,176.0,,,GARIBAUHE000,-32.3,32.3,,13,367.928,UHE.PH.SC.030415-8.01,,,,Heq NORTE,90.790072,Desp.: 80% > 8%   Δ(MW): -2464,Despacho SWING,,,,,,,,,
10,Suíça,2601,35,-,-,-,-,33,0.942857142857143,0,0.933,33,0.942857142857143,,,,,,-,-,-,-,ES,SE-CO,Fio d´Agua,Rio Santa Maria,P. do Sul / R. das Lajes / Piraí,,0.942857142857143,0.0202078521939954,0.0,2680,2601,1,SUICA-UHE001,-,-,-,-,,-,-,-,-,-,-,-,-,-,-,81.0,,,SUICA-UHE000,-,-,,-,0.0,UHE.PH.ES.002781-2.01,,,,Heq SISOL,0,501,Barra Swing,,,,,,,,,
11,Samuel,6891,216,20,43.2,-14,21,200,0.925925925925926,0.0655,0.979,200,0.925925925925926,,,,,,-,-,5,5,RO,SE-CO,Reservatório,Rio Jamari,Bacia do Amazonas,,0.925925925925926,0.009119696010133,0.0,6890,6891,1,SAMU1-UHE005,-,-,5,-,,5,5,43.2,-,-,-,0,20,43.2,OK,151.0,40.0,,SAMU1-UHE000,-14,21,,16,900.15,UHE.PH.RO.002687-5.01,,,,,,SIN,seleção sinc,,,,,,,,,
12,Belo Monte,6729,10999,,,,,9899,0.899990908264388,2158,1.04,9899,0.899990908264388,,,,,,1,0,17,18,PA,N,Fio d´Agua,Rio Xingú,Bacia do Amazonas,,0.899990908264388,0.464386742664133,0.0,6730,6729,1,BMONTEUHE017,1,1,18,0,,17,17,611.1,6729,6728,3,0,305.5,611.1,OK,137.0,,,BMONTEUHE000,,,,489.700000000001,54042.289,UHE.PH.PA.030354-2.01,,,,,,SE-CO,seleção sinc,,,,,,,,,
13,Pimental (Bloco 1),6555,77,9.61,38.9,-6.5,12,69,0.896103896103896,-6.25,0.977,69,0.896103896103896,,,,,,-,-,2,2,PA,N,Fio d´Agua,Rio Xingú,Bacia do Amazonas,,0.896103896103896,0.00325100274435297,0.0,6554,6555,1,PMTBL1UHE002,-,-,2,-,,2,2,38.9,-,-,-,0,9.61,38.9,OK,134.0,,,PMTBL1UHE000,-6.5,12,,8.8,104.14,UHE.PH.PA.030354-2.02,,,,,,S,seleção sinc,,,,,,,,,
14,Pimental (Bloco 2),6556,77,9.61,38.9,-6.5,12,69,0.896103896103896,-6.25,0.977,69,0.896103896103896,,,,,,-,-,2,2,PA,N,Fio d´Agua,Rio Xingú,Bacia do Amazonas,,0.896103896103896,0.00325100274435297,0.0,6554,6556,1,PMTBL2UHE002,-,-,2,-,,2,2,38.9,-,-,-,0,9.61,38.9,OK,135.0,,,PMTBL2UHE000,-6.5,12,,8.8,0.0,UHE.PH.PA.030354-2.02,,,,,,NE,seleção sinc,,,,,,,,,
15,Pimental (Bloco 3),6559,77,9.61,38.9,-6.5,12,69,0.896103896103896,-6.25,0.977,69,0.896103896103896,,,,,,-,-,2,2,PA,N,Fio d´Agua,Rio Xingú,Bacia do Amazonas,,0.896103896103896,0.00325100274435297,0.0,6554,6559,1,PMTBL3UHE002,-,-,2,-,,2,2,38.9,-,-,-,0,9.61,38.9,OK,136.0,,,PMTBL3UHE000,-6.5,12,,8.8,0.0,UHE.PH.PA.030354-2.02,,,,,,N,seleção sinc,,,,,,,,,
16,Paraibuna,526,86,20,43,-26,26,77,0.895348837209302,-9.99,1,77,0.895348837209302,,,,,,-,-,2,2,SP,SE-CO,Reservatório,Rio Paraíba do Sul,P. do Sul / R. das Lajes / Piraí,Vale do Paraíba do Sul - SP,0.895348837209302,0.0496535796766744,0.0,718,526,1,PARAIBUHE002,-,-,2,-,,2,2,43,-,-,-,0,20,43,OK,75.0,7.0,,PARAIBUHE000,-26,26,,9,434.0,UHE.PH.SP.027122-5.01,,,,,,"GW.s (SIN) = 352,269",Inércia Equivalente,,,,,,,,,
17,Dardanelos,4890,224,34.8,56,-32,32,200,0.892857142857143,-51,0.95,200,0.892857142857143,,,,,,-,-,4,4,MT,SE-CO,Fio d´Agua,Rio Aripuanã,Bacia do Amazonas,,0.892857142857143,0.00945746252902681,0.0,4890,4892,1,DARDA1UHE004,-,-,4,-,,4,4,56,-,-,-,0,34.8,56,OK,153.0,,,DARDA1UHE000,-32,32,,24,853.58,UHE.PH.MT.029597-3.01,,,,,,RPO TOT:9.777 MW / UHE:9.045 MW / UTE:731 MW,,,,,,,,,,
18,Dardanelos,4891,28,17.4,28,-16,16,25,0.892857142857143,-1.95,0.966,25,0.892857142857143,,,,,,-,-,1,1,MT,SE-CO,Fio d´Agua,Rio Aripuanã,Bacia do Amazonas,,0.892857142857143,0.00118218281612835,0.0,4891,4892,1,DARDA2UHE001,-,-,1,-,,1,1,28,-,-,-,0,17.4,28,OK,154.0,18.0,,DARDA2UHE000,-16,16,,3,113.44,UHE.PH.MT.029597-3.01,,,,,,Carga SIN = 108 GW (GERTOT),,,,,,,,,,
19,Porto Colômbia,28,328,40,82,-25,25,291,0.88719512195122,-51.4,0.979,291,0.88719512195122,,,,,,-,-,4,4,MG/SP,SE-CO,Fio d´Agua,Rio Grande,Bacia do Grande,,0.88719512195122,0.0439678284182306,0.0,190,28,1,PCOLOMUHE004,-,-,4,-,,4,4,82,-,-,-,0,40,82,OK,11.0,34.0,,PCOLOMUHE000,-25,25,,37,1021.72,UHE.PH.MG.002117-2.01,,,,,,BELO MONTE: 930 MW,Geração BM,,,,,,,,,
20,Gov. José Richa (Salto Caxias),808,1240,235,310,-150,111.7,496,0.4,-318,0.909,496,0.4,,,,,,2,0,2,4,PR,S,Fio d´Agua,Rio Iguaçu,Bacia do Iguaçu,Sistema de 500kV do Sul,0.4,0.169839747979729,0.0,897,808,1,GJRICHUHE002,2,2,4,0,,2,2,310,-,809,4,0,235,310,OK,171.0,0.0,4.0,GJRICHUHE000,-150,111.7,0.6,124,2711.286,UHE.PH.PR.002591-7.01,,,,,,REDESPACHO CASCATA SUL:  6.447 MW / 46 %,Geração UHE SUL,,,,,,,,,
21,Rosal,2696,50,-,-,-,-,43,0.86,-0.489,0.974,43,0.86,,,,,,-,-,-,-,RJ/ES,SE-CO,Fio d´Agua,Rio Itabapoana,P. do Sul / R. das Lajes / Piraí,,0.86,0.0288683602771363,0.0,2690,2696,1,ROSAL-UHE002,-,-,-,-,,-,-,-,-,-,-,-,-,-,-,82.0,,,ROSAL-UHE002,-,-,,-,0.0,UHE.PH.ES.002553-4.01,,,,,,"Heq(GW.s):   SIN=352,3  /  SE-CO=181,6  /  S=49,0  /  NE=30,9  /  N=90,8  /  SISOL=0,0",Inércia Eqv. por Subsistema,,,,,,,,,
22,Estreito,5595,1087,,135.9,-67.63,67.63,921,0.847286108555658,-153,0.95,921,0.847286108555658,,,,,,-,-,7,8,MA,N,Fio d´Agua,Rio Tocantins,Rio Tocantins,,0.847286108555658,0.0840810643564356,0.0,5594,5595,1,ESTREIUHE007,-,-,8,-,,7,7,135.9,-,-,-,0,0,135.9,OK,128.0,85.0,,ESTREIUHE000,-67.63,67.63,,30.3000000000001,3777.2,UHE.PH.MA.028863-2.01,,,,,,,,,,,,,,,,
23,Barra dos Coqueiros,9449,90,,45,-16.2,21.79,76,0.844444444444444,-7.71,0.984,76,0.844444444444444,,,,,,-,-,2,2,GO,SE-CO,Reservatório,Rio Claro,Bacia do Paranaíba,,0.844444444444444,0.0105857445306987,0.0,9449,9444,1,BCOQUEUHE002,-,-,2,-,,2,2,45,-,-,-,0,0,45,OK,35.0,18.0,,BCOQUEUHE000,-16.2,21.79,,14,293.0,UHE.PH.GO.028757-1.01,,,,,,,,,,,,,,,,
24,Jaraqui,8612,36,1.64,3.282,-1.93,2.67,30,0.833333333333333,8.373,0.998,30,0.833333333333333,,,,,,-,-,10,11,AM,N,Gás Natural,,Amazonas,,0.833333333333333,0.0273764258555133,0.0,8569,8612,1,PIEJR2UTE010,-,-,11,-,,10,10,3.282,-,-,-,0,1.64,3.282,OK,341.0,,,PIEJR2UTE000,-1.93,2.67,,2.82,40.56,,204,0,30,,,,,,,,,,,,,
25,Tambaqui,8617,36,1.64,3.282,-1.93,2.67,30,0.833333333333333,14.93,0.985,30,0.833333333333333,,,,,,-,-,10,11,AM,N,Gás Natural,,Amazonas,,0.833333333333333,0.0273764258555133,0.0,8543,8617,1,PIETB2UTE010,-,-,11,-,,10,10,3.282,-,-,-,0,1.64,3.282,OK,343.0,,,PIETB2UTE000,-1.93,2.67,,2.82,0.0,,209,0,30,,,,,,,,,,,,,
26,Salto Rio Verdinho,9443,94,,47.45,-13.7,20.68,78,0.829787234042553,-5.48,0.992,78,0.829787234042553,,,,,,-,-,2,2,MG/GO,SE-CO,Reservatório,Rio Verde,Bacia do Paranaíba,,0.829787234042553,0.0110562220653964,0.0,9443,9459,1,S.R.V-UHE002,-,-,2,-,,2,2,47.45,-,-,-,0,0,47.45,OK,40.0,34.0,,S.R.V-UHE000,-13.7,20.68,,16.9,287.828,UHE.PH.GO.028760-1.01,,,,,,,,,,,,,,,,
27,Itiquira II,4525,95,,47.6,-37,23.8,78,0.821052631578947,-0.876,0.983,78,0.821052631578947,,,,,,-,-,2,2,MT,SE-CO,Fio d´Agua,Rio Itiquira,Bacia do Paraguai,,0.821052631578947,0.142215568862275,0.0,4521,4525,1,ITIQ-2UHE002,-,-,2,-,,2,2,47.6,-,-,-,0,0,47.6,OK,164.0,21.0,,ITIQ-2UHE000,-37,23.8,,17.2,338.352,UHE.PH.MT.027244-2.01,,,,,,,,,,,,,,,,
28,Santa Clara PR,806,122,35,61,-29,29,49,0.401639344262295,-22.7,0.928,49,0.401639344262295,,,,,,-,-,1,2,PR,S,Reservatório,Rio Jordão,Bacia do Iguaçu,,0.401639344262295,0.0167100397205862,0.0,807,806,1,SCLARAUHE001,-,-,2,-,,1,1,61,-,-,-,0,35,61,OK,173.0,35.0,,SCLARAUHE000,-29,29,,12,218.42,UHE.PH.PR.028361.4.01,,,,,,,,,,,,,,,,
29,Fundão,2475,122,35,61,-29,29,49,0.401639344262295,-21.4,0.928,49,0.401639344262295,,,,,,-,-,1,2,PR,S,Fio d´Agua,Rio Jordão,Bacia do Iguaçu,,0.401639344262295,0.0167100397205862,0.0,2476,2475,1,FUNDAOUHE001,-,-,2,-,,1,1,61,-,-,-,0,35,61,OK,174.0,35.0,,FUNDAOUHE000,-29,29,,12,218.42,UHE.PH.PR.028360-6.01,,,,,,,,,,,,,,,,
30,Nilo Peçanha,44323,284,15,71,-15.9,45,232,0.816901408450704,22.64,0.95,232,0.816901408450704,,,,,,-,-,4,4,RJ,SE-CO,Fio d´Agua,Rio Piraí,P. do Sul / R. das Lajes / Piraí,,0.816901408450704,0.163972286374134,0.0,251,44323,1,NPECA1UHE004,-,-,4,-,,4,4,71,-,-,-,0,15,71,OK,88.0,,,NPECA1UHE000,-15.9,45,,52,1157.584,UHE.PH.RJ.001536-9.01,,,,,,,,,,,,,,,,
31,Itiquira I,4523,60,,30.4,-21.1,15.2,49,0.816666666666667,1.233,0.987,49,0.816666666666667,,,,,,-,-,2,2,MT,SE-CO,Fio d´Agua,Rio Itiquira,Bacia do Paraguai,,0.816666666666667,0.0898203592814371,0.0,4521,4523,1,ITIQ-1UHE002,-,-,2,-,,2,2,30.4,-,-,-,0,0,30.4,OK,163.0,12.0,,ITIQ-1UHE000,-21.1,15.2,,11.8,189.38,UHE.PH.MT.027244-2.01,,,,,,,,,,,,,,,,
32,Nilo Peçanha,250,96,10,48,-10.7,25,78,0.8125,17.49,0.965,78,0.8125,,,,,,-,-,2,2,RJ,SE-CO,Fio d´Agua,Rio Piraí,P. do Sul / R. das Lajes / Piraí,,0.8125,0.0554272517321016,0.0,251,250,1,NPECA2UHE002,-,-,2,-,,2,2,48,-,-,-,0,10,48,OK,89.0,,,NPECA2UHE000,-10.7,25,,18,280.032,UHE.PH.RJ.001536-9.01,,,,,,,,,,,,,,,,
33,St. Antônio  (Adicional),6888,216,,,,,175,0.810185185185185,-28.9,0.983,175,0.810185185185185,,,,,,-,-,3,3,RO,SE-CO,Fio d´Agua,Rio Madeira,Bacia do Amazonas,,0.810185185185185,0.009119696010133,0.0,6889,6888,1,SA-AD1UHE003,-,-,3,-,,3,3,72.04,6888,-,-,0,21,72.04,OK,144.0,,,SA-AD1UHE000,,,,41.12,0.0,UHE.PH.RO.029707-0.01,,,,,,,,,,,,,,,,
34,St. Antônio  (Adicional 2),6892,216,,,,,175,0.810185185185185,-28.9,0.983,175,0.810185185185185,,,,,,-,-,3,3,RO,SE-CO,Fio d´Agua,Rio Madeira,Bacia do Amazonas,,0.810185185185185,0.009119696010133,0.0,6889,6892,1,SA-AD2UHE003,-,-,3,-,,3,3,72.04,6892,-,-,0,21,72.04,OK,145.0,,,SA-AD2UHE000,,,,41.12,0.0,UHE.PH.RO.029707-0.01,,,,,,,,,,,,,,,,
35,Salto Santiago,925,1420,270,355,-117,117,568,0.4,-468,0.9,568,0.4,,,,,,2,0,2,4,PR,S,Reservatório,Rio Iguaçu,Bacia do Iguaçu,Sistema de 500kV do Sul,0.4,0.194493904944528,0.0,1060,925,1,SSANTIUHE002,2,2,4,0,,2,2,355,-,926,4,0,270,355,OK,168.0,0.0,4.0,SSANTIUHE000,-117,117,0.6,142,2876.06,UHE.PH.PR.002672-7.01,,,,,,,,,,,,,,,,
36,Foz do Rio Claro,9447,68,,34.2,-10.9,16.56,55,0.808823529411765,-4.49,0.988,55,0.808823529411765,,,,,,-,-,2,2,MG/GO,SE-CO,Reservatório,Rio Claro,Bacia do Paranaíba,,0.808823529411765,0.00799811808986121,0.0,9447,9457,1,FRCLARUHE002,-,-,2,-,,2,2,34.2,-,-,-,0,0,34.2,OK,36.0,15.0,,FRCLARUHE000,-10.9,16.56,,13.4,210.9,UHE.PH.GO.029455-1.01,,,,,,,,,,,,,,,,
37,Igarapava,343,210,25,42,-14,14,169,0.804761904761905,28.94,1.01,169,0.804761904761905,,,,,,-,-,5,5,MG/SP,SE-CO,Fio d´Agua,Rio Grande,Bacia do Grande,Malha de Distribuição Triângulo - MG,0.804761904761905,0.0281501340482574,0.0,1525,343,1,IGARAPUHE005,-,-,5,-,,5,5,42,-,-,-,0,25,42,OK,9.0,26.0,,IGARAPUHE000,-14,14,,41,264.0,UHE.PH.SP.001098-7.01,,,,,,,,,,,,,,,,
38,Mascarenhas de Moraes A,22,312,36,52,-20,21,251,0.80448717948718,16.27,1,251,0.80448717948718,,,,,,-,-,5,6,MG,SE-CO,Reservatório,Rio Grande,Bacia do Grande,Sistema de 345kV do Grande,0.80448717948718,0.0418230563002681,0.0,131,22,1,M.MORAUHE005,-,-,6,-,,5,5,52,-,-,-,0,36,52,OK,5.0,45.0,,M.MORAUHE000,-20,21,,9,645.32,UHE.PH.MG.002038-9.01,,,,,,,,,,,,,,,,
39,Jaraqui,8616,39,1.64,3.282,-1.93,2.67,31,0.794871794871795,9.193,0.999,31,0.794871794871795,,,,,,-,-,10,12,AM,N,Gás Natural,,Amazonas,,0.794871794871795,0.0296577946768061,0.0,8569,8616,1,PIEJR1UTE010,-,-,12,-,,10,10,3.282,-,-,-,0,1.64,3.282,OK,340.0,,,PIEJR1UTE000,-1.93,2.67,,1.82,0.0,,204,0,33,,,,,,,,,,,,,
40,Do Atlântico (TKCSA) (gás),9600,128,40,128,-96,96,102,0.796875,-23.7,0.962,102,0.796875,,,,,,-,-,1,1,RJ,SE-CO,Gás Natural,,Rio de Janeiro,,0.796875,0.0116841624828845,0.0,9637,9600,1,CSA-G-UTE001,-,-,1,-,,1,1,128,-,-,-,0,40,128,OK,212.0,,,CSA-G-UTE000,-96,96,,26,1407.2,UTE.PE.RJ.029587-6.01,183,244.51,100,,,,,,,,,,,,,
41,Do Atlântico (TKCSA) (gás),9615,128,40,128,-96,96,102,0.796875,-23.7,0.962,102,0.796875,,,,,,-,-,1,1,RJ,SE-CO,Gás Natural,,Rio de Janeiro,,0.796875,0.0116841624828845,0.0,9637,9615,1,CSA-G2UTE001,-,-,1,-,,1,1,128,-,-,-,0,40,128,OK,214.0,,,CSA-G2UTE000,-96,96,,26,0.0,UTE.PE.RJ.029587-6.01,183,244.51,100,,,,,,,,,,,,,
42,Poraquê (antiga Cristiano Rocha),8611,85,2.14,17.08,-4,12.81,60,0.705882352941177,13.06,1.01,60,0.705882352941177,,,,,,-,-,4,5,AM,N,Gás Natural,,Amazonas,,0.705882352941177,0.064638783269962,0.0,8551,8611,1,CROCHAUTE004,-,-,5,-,,4,4,17.08,-,-,-,0,2.14,17.08,OK,339.0,,,CROCHAUTE000,-4,12.81,,8.31999999999999,113.568,,203,0,67,,,,,,,,,,,,,
43,Mauá 3 (Gás),8535,375,106.7,187.5,-75,120,295,0.786666666666667,145.4,1.01,295,0.786666666666667,,,,,,-,-,2,2,AM,N,Gás Natural,,Amazonas,,0.786666666666667,0.285171102661597,0.0,8531,8535,1,MAUAG1UTE002,-,-,2,-,,2,2,187.5,-,-,-,0,106.7,187.5,OK,335.0,,,MAUAG1UTE000,-75,120,,80,2936.464,,140,74.4,176,,,,,,,,,,,,,
44,Aparecida B2,8653,86,5,43,-37.49,37.49,67,0.779069767441861,32.01,1.02,67,0.779069767441861,,,,,,-,-,2,2,AM,N,Gás Natural,,Amazonas,,0.779069767441861,0.0653992395437262,0.0,8567,8653,1,APARE2UTE002,-,-,2,-,,2,2,43,-,-,-,0,5,43,OK,338.0,,,APARE2UTE000,-37.49,37.49,,19,145.266,,201,74.4,40,,,,,,,,,,,,,
45,Caçu,9448,65,,32.5,-11.7,15.74,50,0.769230769230769,-4.85,0.986,50,0.769230769230769,,,,,,-,-,2,2,GO,SE-CO,Reservatório,Rio Claro,Bacia do Paranaíba,,0.769230769230769,0.00764525993883792,0.0,9448,9458,1,CACU--UHE002,-,-,2,-,,2,2,32.5,-,-,-,0,0,32.5,OK,34.0,13.0,,CACU--UHE000,-11.7,15.74,,15,211.68,UHE.PH.GO.028756-3.01,,,,,,,,,,,,,,,,
46,Foz de Chapecó,1070,855,150,213.8,-70.3,70.3,513,0.6,-172,0.95,513,0.6,,,,,,1,0,3,4,SC,S,Fio d´Agua,Rio Uruguai,Rio Uruguai,,0.6,0.144939820308527,0.0,1071,1070,1,FCHAPEUHE003,1,1,4,0,,3,3,213.8,-,1073,3,0,150,213.8,OK,183.0,150.0,3.0,FCHAPEUHE000,-70.3,70.3,,128.4,2700.0,UHE.PH.RS.028354-1.01,,,,,,,,,,,,,,,,
47,Fontes,253,88,10,44,-8.4,25,70,0.795454545454545,17.44,0.964,70,0.795454545454545,,,,,,-,-,2,2,RJ,SE-CO,Fio d´Agua,Ribeirão das Lajes,P. do Sul / R. das Lajes / Piraí,,0.795454545454545,0.0508083140877598,0.0,254,253,1,FONTE2UHE002,-,-,2,-,,2,2,44,-,-,-,0,10,44,OK,86.0,,,FONTE2UHE000,-8.4,25,,18,275.792,UHE.PH.RJ.000973-3.01,,,,,,,,,,,,,,,,
48,Quebra Queixo,2836,121,31,40.5,-18,19,73,0.603305785123967,-23.8,0.95,73,0.603305785123967,,,,,,-,-,2,3,SC,S,Reservatório,Rio Chapecó,Rio Uruguai,,0.603305785123967,0.0205119511781658,0.0,2838,2836,1,QQUEIXUHE002,-,-,3,-,,2,2,40.5,-,-,-,0,31,40.5,OK,184.0,15.0,,QQUEIXUHE000,-18,19,,8,318.69,UHE.PH.SC.002167-9.01,,,,,,,,,,,,,,,,
49,Tucunaré (antiga Ponta Negra),8610,85,2.14,17.08,-4,12.81,64,0.752941176470588,39.09,1,64,0.752941176470588,,,,,,-,-,4,5,AM,N,Gás Natural,,Amazonas,,0.752941176470588,0.064638783269962,0.0,8546,8610,1,PIEGERUTE004,-,-,5,-,,4,4,17.08,-,-,-,0,2.14,17.08,OK,345.0,,,PIEGERUTE000,-4,12.81,,4.31999999999999,122.052,,207,0,64,,,,,,,,,,,,,
50,Corumbá III,3642,100,-,-,-,-,75,0.75,11.82,0.952,75,0.75,,,,,,-,-,-,-,GO,SE-CO,Reservatório,Rio Corumbá,Bacia do Paranaíba,,0.75,0.011761938367443,0.0,2528,3642,1,CORUM3UHE002,-,-,-,-,,-,-,-,-,-,-,-,-,-,-,20.0,7.0,,CORUM3UHE002,-,-,,-,0.0,UHE.PH.GO.028352-5.01,,,,,,,,,,,,,,,,
51,Santa Branca,296,56,-,-,-,-,45,0.803571428571429,-4.66,0.982,45,0.803571428571429,,,,,,-,-,-,-,SP,SE-CO,Reservatório,Rio Paraíba do Sul,P. do Sul / R. das Lajes / Piraí,Vale do Paraíba do Sul - SP,0.803571428571429,0.0323325635103926,0.0,297,296,1,S.BRANUHE002,-,-,-,-,,-,-,-,-,-,-,-,-,-,-,76.0,11.0,,S.BRANUHE002,-,-,,-,0.0,UHE.PH.SP.002696-4.01,,,,,,,,,,,,,,,,
52,Fontes,44322,44,10,44,-8.4,30,35,0.795454545454545,11.37,0.975,35,0.795454545454545,,,,,,-,-,1,1,RJ,SE-CO,Fio d´Agua,Ribeirão das Lajes,P. do Sul / R. das Lajes / Piraí,,0.795454545454545,0.0254041570438799,0.0,254,44322,1,FONTE1UHE001,-,-,1,-,,1,1,44,-,-,-,0,10,44,OK,85.0,,,FONTE1UHE000,-8.4,30,,9,150.92,UHE.PH.RJ.000973-3.01,,,,,,,,,,,,,,,,
53,Machadinho,915,1140,260,380,-146.6,140,684,0.6,-351,0.95,684,0.6,,,,,,1,0,2,3,SC,S,Reservatório,Rio Uruguai,Rio Uruguai,Sistema de 500kV do Sul,0.6,0.193253093744702,0.0,1030,915,1,MACHADUHE002,1,1,3,0,,2,2,380,-,916,2,0,260,380,OK,179.0,0.0,2.0,MACHADUHE000,-146.6,140,0.6,76,3719.364,UHE.PH.SC.001356-0.01,,,,,,,,,,,,,,,,
54,São Domingos,1866,48,-,-,-,-,29,0.604166666666667,-8.53,0.998,29,0.604166666666667,,,,,,-,-,-,-,MS,S,Reservatório,Rio Verde,Bacia do Paraná,Mato Grosso do Sul,0.604166666666667,0.00730816077953715,0.0,1866,1864,1,SDOMINUHE002,-,-,-,-,,-,-,-,-,-,-,-,-,-,-,41.0,25.0,,SDOMINUHE002,-,-,,-,0.0,UHE.PH.MS.028761-0.01,,,,,,,,,,,,,,,,
55,S. Osorio 1 e 4,919,728,129,182,-40,53,437,0.600274725274725,-98.3,0.955,437,0.600274725274725,,,,,,1,1,3,4,PR,S,Fio d´Agua,Rio Iguaçu,Bacia do Iguaçu,,0.600274725274725,0.099712368168744,0.0,1047,919,1,SOSO14UHE003,1,0,4,1,,3,3,182,-,920,4,0,129,182,OK,169.0,0.0,4.0,SOSO14UHE000,-40,53,1.528,109,2624.8,UHE.PH.PR.002659-0.01,,,,,,,,,,,,,,,,
56,Pirarucu (antiga Manauara),8609,91,5.505,18.35,-12.81,12.81,65,0.714285714285714,12.88,1,65,0.714285714285714,,,,,,-,-,4,5,AM,N,Gás Natural,,Amazonas,,0.714285714285714,0.0692015209125475,0.0,8548,8609,1,PIE-MAUTE004,-,-,5,-,,4,4,18.35,-,-,-,0,5.505,18.35,OK,344.0,,,PIE-MAUTE000,-12.81,12.81,,8.40000000000001,124.384,,205,0,64.5,,,,,,,,,,,,,
57,São Roque,9740,141,22.7,47.3,-22,22,85,0.602836879432624,-65.9,0.96,85,0.602836879432624,,,,,,-,-,2,3,SC,S,Fio d´Agua,Rio Canoas,Rio Uruguai,,0.602836879432624,0.0239023563315816,0.0,9741,9740,1,SROQUEUHE002,-,-,3,-,,2,2,47.3,-,-,-,0,22.7,47.3,OK,175.0,,,SROQUEUHE000,-22,22,,9.59999999999999,313.23,UHE.PH.SC.030938-9.01,,,,,,,,,,,,,,,,
58,Itumbiara,18,2280,201,380,-91,100,1614,0.707894736842105,-228,0.966,1614,0.707894736842105,,,,,,1,1,5,6,MG/GO,SE-CO,Reservatório,Rio Paranaíba,Bacia do Paranaíba,Sistema de 500kV do Paranaíba,0.707894736842105,0.268172194777699,0.0,210,18,1,ITUMBIUHE005,1,0,6,1,,5,5,380,-,19,6,0,201,380,OK,27.0,127.0,,ITUMBIUHE000,-91,100,,286,9438.9,UHE.PH.MG.001194-0.01,,,,,,,,,,,,,,,,
59,Corumbá I,35,381,39,127,-60,60,343,0.900262467191601,-61.3,0.95,343,0.900262467191601,,,,,,-,-,3,3,GO,SE-CO,Reservatório,Rio Corumbá,Bacia do Paranaíba,,0.900262467191601,0.0448129851799577,0.0,220,35,1,CORUMBUHE003,-,-,3,-,,3,3,127,-,-,-,0,39,127,OK,21.0,85.0,,CORUMBUHE000,-60,60,,38,1388.61,UHE.PH.GO.000866-4.01,,,,,,,,,,,,,,,,
60,Marimbondo,20,1488,111,186,-80,80,1339,0.89986559139785,-251,0.993,1339,0.89986559139785,,,,,,-,-,8,8,MG/SP,SE-CO,Reservatório,Rio Grande,Bacia do Grande,,0.89986559139785,0.199463806970509,0.0,100,20,1,MARIMBUHE008,-,-,8,-,,8,8,186,-,-,-,0,111,186,OK,12.0,166.0,,MARIMBUHE000,-80,80,,149,6536.0,UHE.PH.MG.001417-6.01,,,,,,,,,,,,,,,,
61,São Simão,303,1680,185,280,-100,100,1512,0.9,-300,0.951,1512,0.9,,,,,,-,-,6,6,MG/GO,SE-CO,Reservatório,Rio Paranaíba,Bacia do Paranaíba,Sistema de 500kV do Paranaíba,0.9,0.197600564573042,0.0,370,303,1,SSIMAOUHE006,-,-,6,-,,6,6,280,-,-,-,0,185,280,OK,33.0,563.0,,SSIMAOUHE000,-100,100,,168,10575.144,UHE.PH.GO.002704-9.01,,,,,,,,,,,,,,,,
62,Corumbá IV,3641,129,45,64.6,-24,24,116,0.89922480620155,-6.83,0.95,116,0.89922480620155,,,,,,-,-,2,2,GO,SE-CO,Reservatório,Rio Corumbá,Bacia do Paranaíba,,0.89922480620155,0.0151729004940014,0.0,2526,3641,1,CORUM4UHE002,-,-,2,-,,2,2,64.6,-,-,-,0,45,64.6,OK,19.0,45.0,,CORUM4UHE000,-24,24,,13.2,428.4,UHE.PH.GO.027795-9.01,,,,,,,,,,,,,,,,
63,Jirau (Margem Direita),7051,2100,22,75,-36.7,36.7,1464,0.697142857142857,59.42,0.987,1464,0.697142857142857,,,,,,-,-,20,28,RO,SE-CO,Fio d´Agua,Rio Madeira,Bacia do Amazonas,,0.697142857142857,0.0886637112096264,0.0,7056,7051,1,JIR-MDUHE020,-,-,28,-,,20,20,75,-,-,-,0,22,75,OK,149.0,,,JIR-MDUHE000,-36.7,36.7,,0,0.0,UHE.PH.RO.029736-4.01,,,,,,,,,,,,,,,,
64,St. Antônio  (Margem Direita),7050,576,,,,,401,0.696180555555556,-21.2,0.981,401,0.696180555555556,,,,,,-,-,6,8,RO,SE-CO,Fio d´Agua,Rio Madeira,Bacia do Amazonas,,0.696180555555556,0.0243191893603547,0.0,7053,7050,1,SA-MD-UHE006,-,-,8,-,,6,6,72.04,7050,-,-,0,11,72.04,OK,146.0,,,SA-MD-UHE000,,,,0,0.0,UHE.PH.RO.029707-0.01,,,,,,,,,,,,,,,,
65,Jirau (Margem Esquerda),7061,1650,22,75,-36.7,36.7,1148,0.695757575757576,21.06,0.984,1148,0.695757575757576,,,,,,-,-,16,22,RO,SE-CO,Fio d´Agua,Rio Madeira,Bacia do Amazonas,,0.695757575757576,0.0696643445218493,0.0,7060,7061,1,JIR-MEUHE016,-,-,22,-,,16,16,75,-,-,-,0,22,75,OK,150.0,,,JIR-MEUHE000,-36.7,36.7,,0,0.0,UHE.PH.RO.029736-4.01,,,,,,,,,,,,,,,,
66,St. Antônio  (Leito do Rio),7062,864,,,,,601,0.695601851851852,8.884,0.989,601,0.695601851851852,,,,,,-,-,9,12,RO,SE-CO,Fio d´Agua,Rio Madeira,Bacia do Amazonas,,0.695601851851852,0.036478784040532,0.0,7063,7062,1,SA-LR-UHE009,-,-,12,-,,9,9,72.04,7062,-,-,0,21,72.04,OK,147.0,,,SA-LR-UHE000,,,,0,0.0,UHE.PH.RO.029707-0.01,,,,,,,,,,,,,,,,
67,St. Antônio  (Margem Esquerda),7064,1728,,,,,1202,0.695601851851852,67.09,0.994,1202,0.695601851851852,,,,,,-,-,17,24,RO,SE-CO,Fio d´Agua,Rio Madeira,Bacia do Amazonas,,0.695601851851852,0.072957568081064,0.0,7065,7064,1,SA-ME-UHE017,-,-,24,-,,17,17,72.04,7064,-,-,0,21,72.04,OK,148.0,,,SA-ME-UHE000,,,,0,0.0,UHE.PH.RO.029707-0.01,,,,,,,,,,,,,,,,
68,Espora,3744,32,,10.67,-5.16,5.16,29,0.90625,-3.86,0.989,29,0.90625,,,,,,-,-,3,3,GO,SE-CO,Reservatório,Rio Corrente,Bacia do Paranaíba,,0.90625,0.00376382027758175,0.0,3708,3744,1,ESPORAUHE003,-,-,3,-,,3,3,10.67,-,-,-,0,0,10.67,OK,37.0,9.0,,ESPORAUHE000,-5.16,5.16,,3.01,107.64,UHE.PH.GO.000908-3.01,,,,,,,,,,,,,,,,
69,Passo Fundo,917,232,70,116,-57.5,57.5,139,0.599137931034483,-94.5,0.93,139,0.599137931034483,,,,,,0,0,2,2,RS,S,Reservatório,Rio Passo Fundo,Rio Uruguai,,0.599137931034483,0.0393286997796237,0.0,1041,917,1,PFUNDOUHE002,0,0,2,0,,2,2,116,-,918,2,0,70,116,REDESPACHAR,181.0,0.0,2.0,PFUNDOUHE000,-57.5,57.5,,93,1131.0,UHE.PH.RS.002001-0.01,,,,,,,,,,,,,,,,
70,Itá,904,1450,200,290,-90,90,725,0.5,-360,0.958,725,0.5,,,,,,2,1,3,5,SC,S,Fio d´Agua,Rio Uruguai,Rio Uruguai,Sistema de 500kV do Sul,0.5,0.245804373622648,0.0,996,904,1,ITA---UHE003,2,1,5,1,,3,3,290,-,905,4,0,200,290,OK,180.0,200.0,4.0,ITA---UHE000,-90,90,0.5,145,5307.0,UHE.PH.RS.001152-5.01,,,,,,,,,,,,,,,,
71,Jupiá - 138kV,503,221,25,110.8,-48,48,177,0.800904977375566,-8.51,0.963,177,0.800904977375566,,,,,,-,-,2,2,SP,SE-CO,Fio d´Agua,Rio Paraná,Bacia do Paraná,,0.800904977375566,0.0336479902557856,0.0,541,503,1,JUPI--UHE002,-,-,2,-,,2,2,110.8,-,-,-,0,25,110.8,OK,44.0,,,JUPI--UHE000,-48,48,,44.6,0.0,UHE.PH.SP.001282-3.01,,,,,,,,,,,,,,,,
72,Rondon II,6831,73,10,24.5,-11.9,11.9,48,0.657534246575342,-13.1,0.964,48,0.657534246575342,,,,,,-,-,2,3,RO,SE-CO,Fio d´Agua,Rio Jiparaná,Bacia do Amazonas,,0.657534246575342,0.00308211948490606,0.0,6831,6829,1,ROND2-UHE002,-,-,3,-,,2,2,24.5,-,-,-,0,10,24.5,OK,152.0,18.0,,ROND2-UHE000,-11.9,11.9,,1,114.912,UHE.PH.RO.027448-8.01,,,,,,,,,,,,,,,,
73,Limoeiro (A. S. Oliveira),523,32,4.4,16,-8.5,8.5,26,0.8125,-1.04,0.977,26,0.8125,,,,,,-,-,2,2,SP,SE-CO,Fio d´Agua,Rio Pardo,Bacia do Grande,Pardo - SP,0.8125,0.00428954423592493,0.0,693,523,1,LIMOEIUHE002,-,-,2,-,,2,2,16,-,-,-,0,4.4,16,OK,16.0,4.0,,LIMOEIUHE000,-8.5,8.5,,6,115.2,UHE.PH.SP.001328-5.01,,,,,,,,,,,,,,,,
74,S. Osorio 5 e 6,921,381,100,190.5,-60,70,229,0.601049868766404,-84.9,0.95,229,0.601049868766404,,,,,,0,0,2,2,PR,S,Fio d´Agua,Rio Iguaçu,Bacia do Iguaçu,,0.601049868766404,0.0521846322421586,0.0,1047,921,1,SOSO56UHE002,0,0,2,0,,2,2,190.5,-,922,2,0,100,190.5,OK,170.0,130.0,1.0,SOSO56UHE000,-60,70,1.529,152,1478.88,UHE.PH.PR.002659-0.01,,,,,,,,,,,,,,,,
75,Amador Aguiar 2,4054,210,35,70.33,-22,22,137,0.652380952380952,12.96,0.972,137,0.652380952380952,,,,,,-,-,2,3,MG,SE-CO,Fio d´Agua,Rio Araguari,Bacia do Paranaíba,Malha de Distribuição Triângulo - MG,0.652380952380952,0.0247000705716302,0.0,4055,4054,1,AMADO2UHE002,-,-,3,-,,2,2,70.33,-,-,-,0,35,70.33,OK,25.0,,,AMADO2UHE000,-22,22,,3.66,471.528,UHE.PH.MG.027484-4.01,,,,,,,,,,,,,,,,
76,Camargos,45363,46,-,-,-,-,30,0.652173913043478,2.268,0.959,30,0.652173913043478,,,,,,-,-,-,-,MG,SE-CO,Reservatório,Rio Grande,Bacia do Grande,Malha de Distribuição Sul/Itutinga/Itajubá - MG,0.652173913043478,0.00616621983914209,0.0,1538,45363,1,CAMARGUHE000,-,-,-,-,,-,-,-,-,-,-,-,-,-,-,2.0,17.0,,CAMARGUHE000,-,-,,-,0.0,UHE.PH.MG.000608-4.01,,,,,,,,,,,,,,,,
77,Cachoeira Dourada 230 kV,754,204,60,102,-45,40,133,0.651960784313726,-16.5,0.976,133,0.651960784313726,,,,,,-,-,2,2,GO,SE-CO,Fio d´Agua,Rio Paranaíba,Bacia do Paranaíba,,0.651960784313726,0.0239943542695836,0.0,749,754,1,C.D13KUHE002,-,-,2,-,,2,2,102,-,-,-,0,60,102,OK,28.0,,,C.D13KUHE000,-45,40,,71,624.0,UHE.PH.GO.000528-2.01,,,,,,,,,,,,,,,,
78,Miranda,312,390,80,130,-40,40,254,0.651282051282051,19.73,0.976,254,0.651282051282051,,,,,,-,-,2,3,MG,SE-CO,Reservatório,Rio Araguari,Bacia do Paranaíba,Malha de Distribuição Triângulo - MG,0.651282051282051,0.0458715596330275,0.0,340,312,1,MIRANDUHE002,-,-,3,-,,2,2,130,-,-,-,0,80,130,OK,23.0,80.0,,MIRANDUHE000,-40,40,,6,1132.99,UHE.PH.MG.001469-9.01,,,,,,,,,,,,,,,,
79,Nova Ponte,302,510,115.1,170,-50,50,332,0.650980392156863,32.52,0.961,332,0.650980392156863,,,,,,1,0,2,3,MG,SE-CO,Reservatório,Rio Araguari,Bacia do Paranaíba,Sistema de 500kV do Paranaíba,0.650980392156863,0.0599858856739591,0.0,360,302,1,NPONTEUHE002,1,1,3,0,,2,2,170,-,9035,3,0,115.1,170,OK,22.0,120.0,,NPONTEUHE000,-50,50,,8,1757.78,UHE.PH.MG.001574-1.01,,,,,,,,,,,,,,,,
80,Serra do Facão,3014,212,,106.29,-51.48,51.48,138,0.650943396226415,-5.21,1,138,0.650943396226415,,,,,,-,-,2,2,GO,SE-CO,Reservatório,Rio São Marcos,Bacia do Paranaíba,,0.650943396226415,0.0249353093389791,0.0,3013,3014,1,SFACAOUHE002,-,-,2,-,,2,2,106.29,-,-,-,0,0,106.29,OK,18.0,55.0,,SFACAOUHE000,-51.48,51.48,,74.58,849.6,UHE.PH.GO.028355-0.01,,,,,,,,,,,,,,,,
81,Cachoeira Dourada 230 kV,753,252,70,84,-35,35,164,0.650793650793651,35,0.946,164,0.650793650793651,,,,,,-,-,2,3,GO,SE-CO,Fio d´Agua,Rio Paranaíba,Bacia do Paranaíba,,0.650793650793651,0.0296400846859562,0.0,749,753,1,C.D13NUHE002,-,-,3,-,,2,2,84,-,-,-,0,70,84,OK,29.0,,,C.D13NUHE000,-35,35,,4,623.952,UHE.PH.GO.000528-2.01,,,,,,,,,,,,,,,,
82,Amador Aguiar 1,4052,243,51.1,81,-26,26,158,0.650205761316873,12.56,0.968,158,0.650205761316873,,,,,,-,-,2,3,MG,SE-CO,Fio d´Agua,Rio Araguari,Bacia do Paranaíba,Malha de Distribuição Triângulo - MG,0.650205761316873,0.0285815102328864,0.0,4053,4052,1,AMADO1UHE002,-,-,3,-,,2,2,81,-,-,-,0,51.1,81,OK,24.0,,,AMADO1UHE000,-26,26,,4,557.28,UHE.PH.MG.027483-6.01,,,,,,,,,,,,,,,,
83,Funil Grande,4044,180,19.3,60,-47.4,19.7,117,0.65,-20.1,0.981,117,0.65,,,,,,-,-,2,3,MG,SE-CO,Fio d´Agua,Rio Grande,Bacia do Grande,Malha de Distribuição Sul/Itutinga/Itajubá - MG,0.65,0.0241286863270777,0.0,1543,4044,1,FUNGRDUHE002,-,-,3,-,,2,2,60,-,-,-,0,19.3,60,OK,3.0,20.0,,FUNGRDUHE000,-47.4,19.7,,3,381.906,UHE.PH.MG.001006-5.01,,,,,,,,,,,,,,,,
84,Volta Grande,305,380,50,95,-30,30,247,0.65,-23.1,0.957,247,0.65,,,,,,1,0,3,4,MG/SP,SE-CO,Fio d´Agua,Rio Grande,Bacia do Grande,Sistema de 345kV do Grande,0.65,0.0509383378016086,0.0,396,305,1,V.GRD-UHE003,1,1,4,0,,3,3,95,-,9037,4,0,50,95,OK,10.0,44.0,,V.GRD-UHE000,-30,30,,38,1680.0,UHE.PH.SP.003045-7.01,,,,,,,,,,,,,,,,
85,Caconde,521,80,,40.2,-25,25,64,0.8,7.896,0.975,64,0.8,,,,,,-,-,2,2,SP,SE-CO,Reservatório,Rio Pardo,Bacia do Grande,Pardo - SP,0.8,0.0107238605898123,0.0,683,521,1,CACONDUHE002,-,-,2,-,,2,2,40.2,-,-,-,0,0,40.2,OK,14.0,27.0,,CACONDUHE000,-25,25,,16.4,247.044,UHE.PH.SP.000588-6.01,,,,,,,,,,,,,,,,
86,Luís Carlos Barreto,12,1048,125,174.8,-90,70,681,0.649809160305344,-154,0.957,681,0.649809160305344,,,,,,2,2,4,6,MG/SP,SE-CO,Fio d´Agua,Rio Grande,Bacia do Grande,Sistema de 345kV do Grande,0.649809160305344,0.140482573726542,0.0,134,12,1,LCBARRUHE004,2,0,6,2,,4,4,174.8,-,13,2,0,125,174.8,OK,7.0,,,LCBARRUHE000,-90,70,,18.2,4747.2,UHE.PH.SP.000917-2.01,,,,,,,,,,,,,,,,
87,Água Vermelha,500,1396,125,232.7,-90,90,1117,0.800143266475645,221.8,1.01,1117,0.800143266475645,,,,,,-,-,5,6,SP,SE-CO,Reservatório,Rio Grande,Bacia do Grande,Malha de 440kV - SP,0.800143266475645,0.187131367292225,0.0,536,500,1,A.VERMUHE005,-,-,6,-,,5,5,232.7,-,-,-,0,125,232.7,OK,13.0,172.0,,A.VERMUHE000,-90,90,,46.5,5037.5,UHE.PH.MG.000041-8.01,,,,,,,,,,,,,,,,
88,Euclides Da Cunha,522,108,13,27.2,-17,17,86,0.796296296296296,4.812,0.986,86,0.796296296296296,,,,,,-,-,4,4,SP,SE-CO,Fio d´Agua,Rio Pardo,Bacia do Grande,Pardo - SP,0.796296296296296,0.0144772117962466,0.0,687,522,1,ECUNHAUHE004,-,-,4,-,,4,4,27.2,-,-,-,0,13,27.2,OK,15.0,8.0,,ECUNHAUHE000,-17,17,,22.8,341.4,UHE.PH.SP.000923-7.01,,,,,,,,,,,,,,,,
89,Cachoeira Dourada 138 kV,751,108,30,54,-25,25,70,0.648148148148148,11.68,0.982,70,0.648148148148148,,,,,,-,-,2,2,GO,SE-CO,Fio d´Agua,Rio Paranaíba,Bacia do Paranaíba,,0.648148148148148,0.0127028934368384,0.0,755,751,1,C.DO13UHE002,-,-,2,-,,2,2,54,-,-,-,0,30,54,OK,31.0,,,C.DO13UHE000,-25,25,,38,362.024,UHE.PH.GO.000528-2.01,,,,,,,,,,,,,,,,
90,Cachoeira Dourada 138 kV,750,34,5,17,-8,8,22,0.647058823529412,0.2121,0.982,22,0.647058823529412,,,,,,-,-,2,2,GO,SE-CO,Fio d´Agua,Rio Paranaíba,Bacia do Paranaíba,,0.647058823529412,0.0039990590449306,0.0,755,750,1,C.DO11UHE002,-,-,2,-,,2,2,17,-,-,-,0,5,17,OK,32.0,15.0,,C.DO11UHE000,-8,8,,12,99.994,UHE.PH.GO.000528-2.01,,,,,,,,,,,,,,,,
91,Tucurui I,6419,1750,203,350,-105,105,1129,0.645142857142857,-67.9,0.984,1129,0.645142857142857,,,,,,-,-,4,5,PA,N,Reservatório,Rio Tocantins,Rio Tocantins,Sistema Norte,0.645142857142857,0.135365099009901,0.0,6410,6419,1,TUCUR1UHE004,-,-,5,-,,4,4,350,-,-,-,0,203,350,OK,129.0,,,TUCUR1UHE000,-105,105,,271,6533.8,UHE.PH.PA.002889-4.01,,,,,,,,,,,,,,,,
92,Tucurui I,6422,1400,203,350,-105,105,903,0.645,-67.9,0.982,903,0.645,,,,,,1,0,3,4,PA,N,Reservatório,Rio Tocantins,Rio Tocantins,Sistema Norte,0.645,0.108292079207921,0.0,6410,6422,1,TUCUR3UHE003,1,1,4,0,,3,3,350,-,6423,1,0,203,350,OK,131.0,,,TUCUR3UHE000,-105,105,,147,4900.35,UHE.PH.PA.002889-4.01,,,,,,,,,,,,,,,,
93,Itutinga,1501,56,-,-,-,-,36,0.642857142857143,2.854,0.959,36,0.642857142857143,,,,,,-,-,-,-,MG,SE-CO,Reservatório,Rio Grande,Bacia do Grande,Malha de Distribuição Sul/Itutinga/Itajubá - MG,0.642857142857143,0.00750670241286863,0.0,1538,1501,1,ITUTINUHE000,-,-,-,-,,-,-,-,-,-,-,-,-,-,-,1.0,17.0,,ITUTINUHE000,-,-,,-,0.0,UHE.PH.MG.001197-5.01,,,,,,,,,,,,,,,,
94,Batalha,9446,53,8,26.8,-12.3,13,34,0.641509433962264,-7.68,0.962,34,0.641509433962264,,,,,,-,-,2,2,MG/GO,SE-CO,Reservatório,Rio São Marcos,Bacia do Paranaíba,,0.641509433962264,0.00623382733474477,0.0,9445,9446,1,BATALHUHE002,-,-,2,-,,2,2,26.8,-,-,-,0,8,26.8,OK,17.0,8.0,,BATALHUHE000,-12.3,13,,19.6,142.1,UHE.PH.MG.029454-3.01,,,,,,,,,,,,,,,,
95,Jaguari,525,25,3,12.5,-9,9,20,0.8,0.2869,0.988,20,0.8,,,,,,-,-,2,2,SP,SE-CO,Reservatório,Rio Jaguari,P. do Sul / R. das Lajes / Piraí,Vale do Paraíba do Sul - SP,0.8,0.0144341801385681,0.0,720,525,1,JAGUA-UHE002,-,-,2,-,,2,2,12.5,-,-,-,0,3,12.5,OK,74.0,2.0,,JAGUA-UHE000,-9,9,,5,74.01,UHE.PH.SP.027131-4.01,,,,,,,,,,,,,,,,
96,Queimado,4039,105,17.3,35,-15.5,17.4,67,0.638095238095238,7.138,1.02,67,0.638095238095238,,,,,,-,-,2,3,MG,SE-CO,Reservatório,Rio Preto,Rio São Francisco,Região Norte - MG,0.638095238095238,0.0099272005294507,0.0,4041,4039,1,QUEIMAUHE002,-,-,3,-,,2,2,35,-,-,-,0,17.3,35,OK,102.0,27.0,,QUEIMAUHE000,-15.5,17.4,,3,159.84,UHE.PH.MG.002176-8.01,,,,,,,,,,,,,,,,
97,PCH Salto Mauá,984,11,2.85,5.7,-2.5,1.8,7,0.636363636363636,-0.966,0.97,7,0.636363636363636,,,,,,-,-,2,2,PR,S,Fio d´Agua,Rio Tibagi,Bacia do Paranapanema,Norte do Paraná,0.636363636363636,0.00402488108305891,0.0,993,984,1,MAUA--PCH002,-,-,2,-,,2,2,5.7,-,-,-,0,2.85,5.7,OK,60.0,,,MAUA--PCH000,-2.5,1.8,,4.4,0.0,PCH.PH.PR.002654-9.01,,,,,,,,,,,,,,,,
98,Gov. Ney Braga (Segredo),810,1260,165,315,-100,92.5,756,0.6,-300,0.928,756,0.6,,,,,,1,1,3,4,PR,S,Reservatório,Rio Iguaçu,Bacia do Iguaçu,Sistema de 500kV do Sul,0.6,0.172579098753595,0.0,856,810,1,GNBRAGUHE003,1,0,4,1,,3,3,315,-,811,4,0,165,315,OK,167.0,0.0,4.0,GNBRAGUHE000,-100,92.5,0.6,189,5422.572,UHE.PH.PR.002715-4.01,,,,,,,,,,,,,,,,
99,Furnas,16,1216,101,152,-50,50,766,0.629934210526316,-259,0.95,766,0.629934210526316,,,,,,2,1,6,8,MG,SE-CO,Reservatório,Rio Grande,Bacia do Grande,Sistema de 345kV do Grande,0.629934210526316,0.163002680965147,0.0,136,16,1,FURNASUHE006,2,1,8,1,,6,6,152,-,17,5,0,101,152,OK,4.0,101.0,,FURNASUHE000,-50,50,,146,5600.0,UHE.PH.MG.001007-3.01,,,,,,,,,,,,,,,,
100,Gov. Bento Munhoz (Foz do Areia),800,1676,240,419,-200,200,1006,0.600238663484487,-284,0.93,1006,0.600238663484487,,,,,,1,0,3,4,PR,S,Reservatório,Rio Iguaçu,Bacia do Iguaçu,Sistema de 500kV do Sul,0.600238663484487,0.229557594850021,0.0,824,800,1,GBMUNHUHE003,1,1,4,0,,3,3,419,-,801,4,0,240,419,OK,166.0,0.0,3.0,GBMUNHUHE000,-200,200,0.3,251,5579.823,UHE.PH.PR.000984-9.01,,,,,,,,,,,,,,,,
101,Itaúba,1155,500,75,125,-60,61,300,0.6,-95.6,0.95,300,0.6,,,,,,1,0,3,4,RS,S,Fio d´Agua,Rio Jacuí,Rio Jacuí,,0.6,0.367376928728876,0.0,1215,1155,1,ITAUBAUHE003,1,1,4,0,,3,3,125,-,1156,3,0,75,125,OK,189.0,0.0,2.0,ITAUBAUHE000,-60,61,,75,1525.803,UHE.PH.RS.027019-9.01,,,,,,,,,,,,,,,,
102,Jaguara,301,400,65,100,-35,35,240,0.6,-31,0.95,240,0.6,,,,,,-,-,3,4,MG/SP,SE-CO,Fio d´Agua,Rio Grande,Bacia do Grande,Sistema de 345kV do Grande,0.6,0.0536193029490617,0.0,326,301,1,JAGUARUHE003,-,-,4,-,,3,3,100,-,-,-,0,65,100,OK,8.0,68.0,,JAGUARUHE000,-35,35,,60,1425.984,UHE.PH.SP.001225-4.01,,,,,,,,,,,,,,,,
103,Porto Primavera,510,1540,30,110,-45,45,924,0.6,-4.2,0.956,924,0.6,,,,,,-,-,9,14,SP,SE-CO,Reservatório,Rio Paraná,Bacia do Paraná,Malha de 440kV - SP,0.6,0.234470158343484,0.0,544,510,1,PPRIMAUHE009,-,-,14,-,,9,9,110,-,-,-,0,30,110,OK,45.0,814.0,,PPRIMAUHE000,-45,45,,66,4148.82,UHE.PH.SP.002127-0.01,,,,,,,,,,,,,,,,
104,Cachoeira Dourada 230 kV,752,54,30,54,-25,25,32,0.592592592592593,1.647,0.993,32,0.592592592592593,,,,,,-,-,1,1,GO,SE-CO,Fio d´Agua,Rio Paranaíba,Bacia do Paranaíba,,0.592592592592593,0.0063514467184192,0.0,749,752,1,C.DOU1UHE001,-,-,1,-,,1,1,54,-,-,-,0,30,54,OK,30.0,43.0,,C.DOU1UHE000,-25,25,,22,190.998,UHE.PH.GO.000528-2.01,,,,,,,,,,,,,,,,
105,Funil 1,14,222,30,74,-50,50,155,0.698198198198198,-60.6,0.959,155,0.698198198198198,,,,,,-,-,3,3,RJ,SE-CO,Reservatório,Rio Paraíba do Sul,P. do Sul / R. das Lajes / Piraí,,0.698198198198198,0.128175519630485,0.0,182,14,1,FUNIL-UHE003,-,-,3,-,,3,3,74,-,-,-,0,30,74,OK,77.0,36.0,,FUNIL-UHE000,-50,50,,67,775.002,UHE.PH.RJ.027118-7.01,,,,,,,,,,,,,,,,
106,Salto Grande (L. N. Garcez),512,73,1,18.45,-9,9,51,0.698630136986301,0.571,1,51,0.698630136986301,,,,,,-,-,3,4,SP/PR,SE-CO,Fio d´Agua,Rio Paranapanema,Bacia do Paranapanema,Sistema de 88kV do Paranapanema - SP,0.698630136986301,0.0267105744603,0.0,613,512,1,S.GRD-UHE003,-,-,4,-,,3,3,18.45,-,-,-,2,1,18.45,OK,52.0,,,S.GRD-UHE000,-9,9,,4.34999999999999,146.988,UHE.PH.SP.002648-4.01,,,,,,,,,,,,,,,,
107,Picada,4016,53,12.5,26.5,-12,12,30,0.566037735849057,-14.7,0.994,30,0.566037735849057,,,,,,-,-,2,2,MG,SE-CO,Fio d´Agua,Rio do Peixe,P. do Sul / R. das Lajes / Piraí,Região Central - MG,0.566037735849057,0.0306004618937644,0.0,4017,4016,1,PIDACAUHE002,-,-,2,-,,2,2,26.5,-,-,-,0,12.5,26.5,OK,83.0,9.0,,PIDACAUHE000,-12,12,,23,169.68,UHE.PH.MG.002053-2.01,,,,,,,,,,,,,,,,
108,Aparecida B1,8646,80,5,40,-30.86,30.86,45,0.5625,-1.71,0.98,45,0.5625,,,,,,-,-,2,2,AM,N,Gás Natural,,Amazonas,,0.5625,0.0608365019011407,0.0,8567,8646,1,APARE1UTE002,-,-,2,-,,2,2,40,-,-,-,0,5,40,OK,337.0,,,APARE1UTE000,-30.86,30.86,,35,184.552,,201,74.4,35,,,,,,,,,,,,,
109,Salto,9442,121,,60.75,-19.4,29.42,68,0.56198347107438,-10.3,0.984,68,0.56198347107438,,,,,,-,-,2,2,GO,SE-CO,Fio d´Agua,Rio Verde,Bacia do Paranaíba,,0.56198347107438,0.014231945424606,0.0,9442,9460,1,SALTO-UHE002,-,-,2,-,,2,2,60.75,-,-,-,0,0,60.75,OK,39.0,38.0,,SALTO-UHE000,-19.4,29.42,,53.5,380.8,UHE.PH.GO.028758-0.01,,,,,,,,,,,,,,,,
110,Canoas I,508,82,8,27.5,-6,8,57,0.695121951219512,-6.34,0.962,57,0.695121951219512,,,,,,-,-,3,3,SP/PR,SE-CO,Fio d´Agua,Rio Paranapanema,Bacia do Paranapanema,Sistema de 88kV do Paranapanema - SP,0.695121951219512,0.0300036589828028,0.0,555,508,1,CANOA1UHE003,-,-,3,-,,3,3,27.5,-,-,-,2,8,27.5,OK,54.0,20.0,,CANOA1UHE000,-6,8,,25.5,104.916,UHE.PH.SP.000647-5.01,,,,,,,,,,,,,,,,
111,Monjolinho (Alzir Antunes),931,74,18.9,37,-16.5,14,41,0.554054054054054,-12,0.95,41,0.554054054054054,,,,,,-,-,2,2,RS,S,Fio d´Agua,Rio Passo Fundo,Rio Uruguai,,0.554054054054054,0.0125444990676386,0.0,932,931,1,MONJOLUHE002,-,-,2,-,,2,2,37,-,-,-,0,18.9,37,OK,182.0,0.0,,MONJOLUHE000,-16.5,14,,33,191.06,UHE.PH.RS.028562-5.01,,,,,,,,,,,,,,,,
112,Jauru,4809,121,,40.5,-28.8,19.8,67,0.553719008264463,-30.4,0.954,67,0.553719008264463,,,,,,-,-,2,3,MT,SE-CO,Fio d´Agua,Rio Jauru,Bacia do Paraguai,,0.553719008264463,0.181137724550898,0.0,4808,4809,1,JAURU-UHE002,-,-,3,-,,2,2,40.5,-,-,-,0,0,40.5,OK,161.0,,,JAURU-UHE000,-28.8,19.8,,14,313.92,UHE.PH.MT.001245-9.01,,,,,,,,,,,,,,,,
113,Mascarenhas de Moraes B,24,180,23,45,-6,15.5,99,0.55,5.972,0.95,99,0.55,,,,,,-,-,3,4,MG,SE-CO,Reservatório,Rio Grande,Bacia do Grande,,0.55,0.0241286863270777,0.0,187,24,1,M.MORBUHE003,-,-,4,-,,3,3,45,-,-,-,0,23,45,OK,6.0,,,M.MORBUHE000,-6,15.5,,36,330.0,UHE.PH.MG.002038-9.01,,,,,,,,,,,,,,,,
114,Teles Pires,4492,1820,182,364,-141,155,983,0.54010989010989,52.1,1.04,983,0.54010989010989,,,,,,-,-,3,5,MT,SE-CO,Fio d´Agua,Rio Teles Pires,Bacia do Amazonas,,0.54010989010989,0.0768418830483428,0.0,4493,4492,1,TPIRESUHE003,-,-,5,-,,3,3,364,-,-,-,0,182,364,OK,158.0,182.0,,TPIRESUHE000,-141,155,,109,4183.824,UHE.PH.PA.030557-0.01,,,,,,,,,,,,,,,,
115,Cana Brava,3964,450,120,150,-47.3,52,243,0.54,-81.1,0.953,243,0.54,,,,,,1,0,2,3,GO,SE-CO,Fio d´Agua,Rio Tocantins,Rio Tocantins,,0.54,0.0348081683168317,0.0,3965,3964,1,CBRAV-UHE002,1,1,3,0,,2,2,150,-,23,2,0,120,150,OK,124.0,39.0,,CBRAV-UHE000,-47.3,52,,57,859.662,UHE.PH.GO.000630-0.01,,,,,,,,,,,,,,,,
116,Colíder,4462,300,30,100,-39,48.43,162,0.54,-25.8,1.04,162,0.54,,,,,,-,-,2,3,MT,SE-CO,Fio d´Agua,Rio Teles Pires,Bacia do Amazonas,,0.54,0.0126662444585181,0.0,4465,4462,1,COLID-UHE002,-,-,3,-,,2,2,100,-,-,-,0,30,100,OK,157.0,43.0,,COLID-UHE000,-39,48.43,,38,769.008,UHE.PH.MT.030422-0.01,,,,,,,,,,,,,,,,
117,São Manoel,4489,700,85,175,-68,84.7,378,0.54,41.44,1.04,378,0.54,,,,,,-,-,3,4,PA,SE-CO,Fio d´Agua,Rio Teles Pires,Bacia do Amazonas,,0.54,0.0295545704032088,0.0,4491,4489,1,SMANO-UHE003,-,-,4,-,,3,3,175,-,-,-,0,85,175,OK,159.0,78.0,,SMANO-UHE000,-68,84.7,,147,2009.064,UHE.PH.PA.031444-7.01,,,,,,,,,,,,,,,,
118,Sinop,4478,402,61,201,-97.3,97.3,217,0.539800995024876,-80.5,1,217,0.539800995024876,,,,,,-,-,2,2,MT,SE-CO,Fio d´Agua,Rio Teles Pires,Bacia do Amazonas,,0.539800995024876,0.0169727675744142,0.0,4479,4478,1,SINOP-UHE002,-,-,2,-,,2,2,201,-,-,-,0,61,201,OK,156.0,,,SINOP-UHE000,-97.3,97.3,,185,1436.12,UHE.PH.MT.031428-5.01,,,,,,,,,,,,,,,,
119,Baixo Iguaçu,9356,352,40,117.6,-45,56,190,0.539772727272727,-60.9,0.956,190,0.539772727272727,,,,,,-,-,2,3,PR,S,Fio d´Agua,Rio Iguaçu,Bacia do Iguaçu,SE Cascavel Oeste 230 kV,0.539772727272727,0.048212573620052,0.0,9354,9356,1,BAIGUAUHE002,-,-,3,-,,2,2,117.6,-,-,-,0,40,117.6,OK,172.0,,,BAIGUAUHE000,-45,56,2.011,45.2,812.2,UHE.PH.PR.030923-0.01,,,,,,,,,,,,,,,,
120,Passo Real,1175,152,40,76,-31,45,82,0.539473684210526,-50.7,0.95,82,0.539473684210526,,,,,,-,-,2,2,RS,S,Reservatório,Rio Jacuí,Rio Jacuí,,0.539473684210526,0.111682586333578,0.0,1243,1175,1,PREAL-UHE002,-,-,2,-,,2,2,76,-,-,-,0,40,76,OK,187.0,40.0,,PREAL-UHE000,-31,45,,70,451.584,UHE.PH.RS.002003-6.01,,,,,,,,,,,,,,,,
121,Dona Francisca,1176,125,32,62.5,-33,26,67,0.536,-39.9,0.95,67,0.536,,,,,,0,0,2,2,RS,S,Fio d´Agua,Rio Jacuí,Rio Jacuí,,0.536,0.091844232182219,0.0,1223,1176,1,DFRANCUHE002,0,0,2,0,,2,2,62.5,-,1177,2,0,32,62.5,OK,190.0,0.0,2.0,DFRANCUHE000,-33,26,,58,473.62,UHE.PH.RS.027012-1.01,,,,,,,,,,,,,,,,
122,Itaipú - 50Hz,1100,7500,420,750,-433,433,4068,0.5424,1215,1.05,4068,0.5424,,,,,,-,-,6,10,PR,SE-CO,Fio d´Agua,Rio Paraná,Bacia do Paraná - Itaipu,,0.5424,0.510204081632653,0.0,1101,1100,1,IPU-50UHE006,-,-,10,-,,6,6,750,-,-,-,0,420,750,OK,47.0,,,IPU-50UHE000,-433,433,,0,0.0,,,,,,,,,,,,,,,,,
123,Pirajú,614,81,20,40.5,-25.2,19.6,57,0.703703703703704,-14.8,0.998,57,0.703703703703704,,,,,,-,-,2,2,SP,SE-CO,Fio d´Agua,Rio Paranapanema,Bacia do Paranapanema,Alto Paranapanema - SP,0.703703703703704,0.0296377607025247,0.0,641,614,1,PIRAJUUHE002,-,-,2,-,,2,2,40.5,-,-,-,0,20,40.5,OK,49.0,21.0,,PIRAJUUHE000,-25.2,19.6,,24,200.34,UHE.PH.SP.002077-0.01,,,,,,,,,,,,,,,,
124,Jaime Canet Júnior (Mauá),983,358,60,119.5,-57.6,45,189,0.527932960893855,-59.3,0.958,189,0.527932960893855,,,,,,-,-,2,3,PR,S,Reservatório,Rio Tibagi,Bacia do Paranapanema,Norte do Paraná,0.527932960893855,0.130991584339554,0.0,981,983,1,MAUA--UHE002,-,-,3,-,,2,2,119.5,-,-,-,0,60,119.5,OK,59.0,,,MAUA--UHE000,-57.6,45,2.9,50,808.6,UHE.PH.PR.029598-1.01,,,,,,,,,,,,,,,,
125,Emborcação,300,1192,112.1,298,-110,98,601,0.504194630872483,-214,0.955,601,0.504194630872483,,,,,,1,1,3,4,MG/GO,SE-CO,Reservatório,Rio Paranaíba,Bacia do Paranaíba,Sistema de 500kV do Paranaíba,0.504194630872483,0.14020230533992,0.0,320,300,1,EMBORCUHE003,1,0,4,1,,3,3,298,-,9034,4,0,112.1,298,OK,26.0,140.0,,EMBORCUHE000,-110,98,,293,5930.832,UHE.PH.MG.027115-2.01,,,,,,,,,,,,,,,,
126,Peixe Angical,7110,498,70,166.3,-100,55,251,0.504016064257028,-162,0.95,251,0.504016064257028,,,,,,-,-,2,3,TO,SE-CO,Reservatório,Rio Tocantins,Rio Tocantins,,0.504016064257028,0.0385210396039604,0.0,7111,7110,1,PEIXEAUHE002,-,-,3,-,,2,2,166.3,-,-,-,0,70,166.3,OK,126.0,127.0,,PEIXEAUHE000,-100,55,,81.6,982.1,UHE.PH.TO.028353-3.01,,,,,,,,,,,,,,,,
127,Ourinhos,2031,44,,14.8,-7.8,7.2,31,0.704545454545455,12.71,1.05,31,0.704545454545455,,,,,,-,-,3,3,SP/PR,SE-CO,Fio d´Agua,Rio Paranapanema,Bacia do Paranapanema,Sistema de 88kV do Paranapanema - SP,0.704545454545455,0.0160995243322356,0.0,2046,2031,1,OURIN-UHE003,-,-,3,-,,3,3,14.8,-,-,-,0,0,14.8,OK,51.0,7.0,,OURIN-UHE000,-7.8,7.2,,13.4,50.4,UHE.PH.SP.027872-6.01,,,,,,,,,,,,,,,,
128,Jurumirim,506,100,21,50.48,-18.8,18.6,70,0.7,5.537,0.967,70,0.7,,,,,,-,-,2,2,SP,SE-CO,Reservatório,Rio Paranapanema,Bacia do Paranapanema,Alto Paranapanema - SP,0.7,0.0365898280278083,0.0,618,506,1,JURUMIUHE002,-,-,2,-,,2,2,50.48,-,-,-,1,21,50.48,OK,48.0,,,JURUMIUHE000,-18.8,18.6,,30.96,518.832,UHE.PH.SP.001285-8.01,,,,,,,,,,,,,,,,
129,Itaipú - 60HZ,1107,7200,420,720,-268,306,3500,0.486111111111111,-651,0.974,3500,0.486111111111111,,,,,,-,-,5,10,PR,SE-CO,Fio d´Agua,Rio Paraná,Bacia do Paraná - Itaipu,,0.486111111111111,0.489795918367347,0.0,1106,1107,1,IPU-60UHE005,-,-,10,-,,5,5,720,-,-,-,0,420,720,OK,46.0,,,IPU-60UHE000,-268,306,,100,19858.465,UHE.PH.PR.001161-4.01,,,,,,,,,,,,,,,,
130,Castro Alves,1166,129,19.44,43,-15,21,62,0.48062015503876,-30,0.956,62,0.48062015503876,,,,,,-,-,2,3,RS,S,Fio d´Agua,Rio Taquari-Antas,Rio Jacuí,,0.48062015503876,0.09478324761205,0.0,1154,1166,1,CALVESUHE002,-,-,3,-,,2,2,43,-,-,-,0,19.44,43,OK,191.0,0.0,,CALVESUHE000,-15,21,,24,219.84,UHE.PH.RS.000718-8.01,,,,,,,,,,,,,,,,
131,Simplício ,9500,305,,101.9,-49.4,49.4,214,0.701639344262295,-25.7,0.955,214,0.701639344262295,,,,,,-,-,3,3,RJ/MG,SE-CO,Fio d´Agua,Rio Paraíba do Sul,P. do Sul / R. das Lajes / Piraí,,0.701639344262295,0.176096997690531,0.0,9500,9501,1,SIMPL-UHE003,-,-,3,-,,3,3,101.9,-,-,-,0,0,101.9,OK,78.0,,,SIMPL-UHE000,-49.4,49.4,,91.7000000000001,1020.39,UHE.PH.MG.029458-6.01,,,,,,,,,,,,,,,,
132,Sobragi,317,69,-,-,-,-,33,0.478260869565217,-2.49,0.985,33,0.478260869565217,,,,,,-,-,-,-,MG,SE-CO,Fio d´Agua,Rio Paraibúna,P. do Sul / R. das Lajes / Piraí,Região Central - MG,0.478260869565217,0.039838337182448,0.0,327,317,1,SOBRAGUHE003,-,-,-,-,,-,-,-,-,-,-,-,-,-,-,84.0,,,SOBRAGUHE003,-,-,,-,0.0,UHE.PH.MG.002757-0.01,,,,,,,,,,,,,,,,
133,Campos Novos,1157,879,120,293.3,-77,99,420,0.477815699658703,-152,0.982,420,0.477815699658703,,,,,,1,1,2,3,SC,S,Reservatório,Rio Canoas,Rio Uruguai,,0.477815699658703,0.149008306492626,0.0,953,1157,1,CNOVOSUHE002,1,0,3,1,,2,2,293.3,-,1158,3,0,120,293.3,OK,177.0,0.0,3.0,CNOVOSUHE000,-77,99,,166.6,3391.455,UHE.PH.SC.027401-1.01,,,,,,,,,,,,,,,,
134,Do Atlântico (TKCSA) (vapor),9603,310,50,310,-233,233,217,0.7,-77.7,0.95,217,0.7,,,,,,-,-,1,1,RJ,SE-CO,Gás Natural,,Rio de Janeiro,,0.7,0.028297581013236,0.0,9637,9603,1,CSA-V-UTE001,-,-,1,-,,1,1,310,-,-,-,0,50,310,OK,213.0,,,CSA-V-UTE000,-233,233,,93,2092.872,UTE.PE.RJ.029587-6.01,183,244.51,237,,,,,,,,,,,,,
135,Pereira Passos,255,100,15,50,-10,35,70,0.7,10.51,0.958,70,0.7,,,,,,-,-,2,2,RJ,SE-CO,Fio d´Agua,Ribeirão das Lajes,P. do Sul / R. das Lajes / Piraí,,0.7,0.0577367205542725,0.0,256,255,1,PPASSOUHE002,-,-,2,-,,2,2,50,-,-,-,0,15,50,OK,87.0,38.0,,PPASSOUHE000,-10,35,,30,433.4,UHE.PH.RJ.002043-5.01,,,,,,,,,,,,,,,,
136,Tucurui II,6424,1560,300,390,-117,130,716,0.458974358974359,7.797,1.01,716,0.458974358974359,,,,,,-,-,2,4,PA,N,Reservatório,Rio Tocantins,Rio Tocantins,Sistema Norte,0.458974358974359,0.120668316831683,0.0,6430,6424,1,TUCUR5UHE002,-,-,4,-,,2,2,390,-,-,-,0,300,390,OK,132.0,,,TUCUR5UHE000,-117,130,,64,3276.0,UHE.PH.PA.002889-4.01,,,,,,,,,,,,,,,,
137,Tucurui II,6425,2730,300,390,-117,105,1253,0.458974358974359,7.797,1.01,1253,0.458974358974359,,,,,,-,-,4,7,PA,N,Reservatório,Rio Tocantins,Rio Tocantins,Sistema Norte,0.458974358974359,0.211169554455446,0.0,6430,6425,1,TUCUR6UHE004,-,-,7,-,,4,4,390,-,-,-,0,300,390,OK,133.0,,,TUCUR6UHE000,-117,105,,307,6552.0,UHE.PH.PA.002889-4.01,,,,,,,,,,,,,,,,
138,Coaracy Nunes 1,8224,48,6.38,24,-7.9,7.9,22,0.458333333333333,7.9,0.99,22,0.458333333333333,,,,,,-,-,1,2,AP,N,Fio d´Agua,Rio Araguari,Bacia do Amazonas,,0.458333333333333,0.00202659911336289,0.0,8272,8224,1,CNUNE1UHE001,-,-,2,-,,1,1,24,-,-,-,0,6.38,24,OK,141.0,,,CNUNE1UHE000,-7.9,7.9,,2,68.875,UHE.PH.AP.000783-8.01,,,,,,,,,,,,,,,,
139,Jupiá - 440kV,502,1329,,,,,930,0.699774266365689,-45.5,0.953,930,0.699774266365689,,,,,,-,-,9,12,SP,SE-CO,Fio d´Agua,Rio Paraná,Bacia do Paraná,Malha de 440kV - SP,0.699774266365689,0.202344701583435,0.0,539,502,1,JUPIA-UHE009,-,-,12,-,,9,9,110.8,502,-,-,0,25,110.8,OK,43.0,732.0,,JUPIA-UHE000,,,,67.1999999999999,4536.0,UHE.PH.SP.001282-3.01,,,,,,,,,,,,,,,,
140,Guaporé,4804,124,,41.4,-28.8,19.8,87,0.701612903225807,-29.2,0.954,87,0.701612903225807,,,,,,-,-,3,3,MT,SE-CO,Fio d´Agua,Rio Guaporé,Bacia do Amazonas,,0.701612903225807,0.00523538104285413,0.0,4805,4804,1,GUAPO-UHE003,-,-,3,-,,3,3,41.4,-,-,-,0,0,41.4,OK,160.0,4.0,,GUAPO-UHE000,-28.8,19.8,,37.2,499.422,UHE.PH.MT.001066-9.01,,,,,,,,,,,,,,,,
141,Salto Grande   ,1502,100,-,-,-,-,70,0.7,-6.24,0.991,70,0.7,,,,,,-,-,-,-,MG,SE-CO,Fio d´Agua,Rio Santo Antônio,Rio Doce,Região Central - MG,0.7,0.0812347684809098,0.0,1570,1502,1,SGRANDUHE004,-,-,-,-,,-,-,-,-,-,-,-,-,-,-,93.0,,,SGRANDUHE004,-,-,,-,0.0,UHE.PH.MG.027210-8.01,,,,,,,,,,,,,,,,
142,Mascarenhas,2600,181,,,,,127,0.701657458563536,-7.55,0.951,127,0.701657458563536,,0.7,,,,-,-,3,4,ES,SE-CO,Fio d´Agua,Rio Doce,Rio Doce,Espírito Santo,0.701657458563536,0.147034930950447,0.0,2655,2600,1,MASCA-UHE003,-,-,4,-,3,3,3,45.25,2600,-,-,0,28,45.25,OK,97.0,,,MASCA-UHE000,,,,4.5,374.385,UHE.PH.ES.001432-0.01,,,,,,,,,,,,,,,,
143,Três Marias,304,390,18,65,-15,15,273,0.7,37.97,0.988,277,0.71025641025641,,0.71,,,,-,-,5,6,MG,SE-CO,Reservatório,Rio São Francisco,Rio São Francisco,Região Norte - MG,0.7,0.0368724591093883,0.0,381,304,1,T.MAR-UHE005,-,-,6,-,5,5,5,65,-,-,-,0,18,65,OK,104.0,209.0,,T.MAR-UHE000,-15,15,,48,1990.02,UHE.PH.MG.027113-6.01,,,,,,,,,,,,,,,,
144,São José,9220,51,8,25.5,-12.35,12.76,20,0.392156862745098,-3.58,0.98,37,0.725490196078431,,0.72,,,,-,-,2,2,RS,S,Fio d´Agua,Rio Ijuí,Rio Uruguai,,0.392156862745098,0.00864553314121038,0.0,9221,9220,1,SJOSE-UHE001,-,-,2,-,2,2,2,25.5,-,-,-,0,8,25.5,OK,185.0,0.0,,SJOSE-UHE000,-12.35,12.76,,14,121.52,UHE.PH.RS.029459-4.01,,,,,,,,,,,,,,,,
145,Canoas II,509,72,7,24,-8,10,28,0.388888888888889,-2.27,0.99,53,0.736111111111111,,0.73,,,,-,-,3,3,SP/PR,SE-CO,Fio d´Agua,Rio Paranapanema,Bacia do Paranapanema,Sistema de 88kV do Paranapanema - SP,0.388888888888889,0.026344676180022,0.0,557,509,1,CANOA2UHE002,-,-,3,-,3,3,3,24,-,-,-,2,7,24,OK,53.0,16.0,,CANOA2UHE000,-8,10,,19,102.888,UHE.PH.SP.027092-0.01,,,,,,,,,,,,,,,,
146,Sá Carvalho,1599,83,-,-,-,-,32,0.385542168674699,0,0.908,61,0.734939759036145,,0.74,,,,-,-,-,-,MG,SE-CO,Fio d´Agua,Rio Piracicaba,Rio Doce,Região Central - MG,0.385542168674699,0.0674248578391552,0.0,1598,1599,1,SACARVUHE004,-,-,-,-,-,-,-,-,-,-,-,-,-,-,-,92.0,11.0,,SACARVUHE004,-,-,,-,0.0,UHE.PH.MG.002563-1.01,,,,,,,,,,,,,,,,
147,Canastra 1,2051,21,5,21.25,-5,10.75,8,0.380952380952381,-1.44,0.976,16,0.761904761904762,,0.75,,,,-,-,1,1,RS,S,Fio d´Agua,Rio Santa Maria,Rio Jacuí,,0.380952380952381,0.0154298310066128,0.0,2051,2062,1,CAN-G1UHE001,-,-,1,-,1,1,1,21.25,-,-,-,0,5,21.25,OK,194.0,23.0,,CAN-G1UHE000,-5,10.75,,5.25,0.0,UHE.PH.RS.000635-1.01,,,,,,,,,,,,,,,,
148,Canastra 2,9194,21,5,21.25,-5,10.75,8,0.380952380952381,0.5391,0.979,16,0.761904761904762,,0.76,,,,-,-,1,1,RS,S,Fio d´Agua,Rio Santa Maria,Rio Jacuí,,0.380952380952381,0.0154298310066128,0.0,9194,2060,2,CAN-G2UHE001,-,-,1,-,1,1,1,21.25,-,-,-,0,5,21.25,OK,195.0,23.0,,CAN-G2UHE000,-5,10.75,,5.25,0.0,UHE.PH.RS.000635-1.01,,,,,,,,,,,,,,,,
149,14 de Julho,1168,103,15.54,51.8,-24,24,38,0.368932038834951,-24,0.962,79,0.766990291262136,,0.77,,,,-,-,2,2,RS,S,Fio d´Agua,Rio Taquari-Antas,Rio Jacuí,,0.368932038834951,0.0756796473181484,0.0,1153,1168,1,14JUL-UHE001,-,-,2,-,2,2,2,51.8,-,-,-,0,15.54,51.8,OK,193.0,0.0,,14JUL-UHE000,-24,24,,24.6,330.4,UHE.PH.RS.000012-4.01,,,,,,,,,,,,,,,,
150,Passo São João,9218,77,10,38.5,-15,19.4,28,0.363636363636364,-3.5,0.958,60,0.779220779220779,,0.78,,,,-,-,2,2,RS,S,Fio d´Agua,Rio Ijuí,Rio Uruguai,,0.363636363636364,0.013053059840651,0.0,9917,9218,1,PSJOAOUHE001,-,-,2,-,2,2,2,38.5,-,-,-,0,10,38.5,OK,186.0,0.0,,PSJOAOUHE000,-15,19.4,,17,327.536,UHE.PH.RS.029456-0.01,,,,,,,,,,,,,,,,
151,PCS - Karkey 013,45065,80,2.38,20.22,-8.8,12.5,56,0.7,-0.069,0.991,63,0.7875,,0.79,,,,-,-,4,4,RJ,SE-CO,Gás Natural,,Rio de Janeiro,,0.7,0.00730260155180283,0.0,45065,45064,1,KRK13AUTE003,-,-,4,-,4,4,4,20.22,-,-,-,0,2.38,20.22,OK,228.0,,,KRK13AUTE000,-8.8,12.5,,17.88,88.32,,245,533.16,15,,,,,,,,,,,,,
152,Monte Claro,1159,130,20,65,-30,30,47,0.361538461538462,-21.3,0.95,104,0.8,,0.8,,,,-,-,2,2,RS,S,Fio d´Agua,Rio Taquari-Antas,Rio Jacuí,,0.361538461538462,0.0955180014695077,0.0,1161,1159,1,MCLAROUHE001,-,-,2,-,2,2,2,65,-,-,-,0,20,65,OK,192.0,0.0,,MCLAROUHE000,-30,30,,26,368.796,UHE.PH.RS.027968-4.01,,,,,,,,,,,,,,,,
153,Baguari,1496,140,7.73,35.136,-31.2,25.6,112,0.8,-13.2,0.988,113,0.807142857142857,,0.81,,,,-,-,4,4,MG,SE-CO,Fio d´Agua,Rio Doce,Rio Doce,Região Central - MG,0.8,0.113728675873274,0.0,1496,1495,1,BAGUARUHE004,-,-,4,-,4,4,4,35.136,-,-,-,0,7.73,35.136,OK,95.0,,,BAGUARUHE000,-31.2,25.6,,27.544,177.372,UHE.PH.MG.029453-5.01,,,,,,,,,,,,,,,,
154,Bariri- A,515,91,15,45.6,-23,23,73,0.802197802197802,10.99,0.979,75,0.824175824175824,,0.82,,,,-,-,2,2,SP,SE-CO,Fio d´Agua,Rio Tiête,Bacia do Tietê,Pardo - SP,0.802197802197802,0.0503040353786622,0.0,634,515,1,BARIRIUHE002,-,-,2,-,2,2,2,45.6,-,-,-,0,15,45.6,OK,62.0,,,BARIRIUHE000,-23,23,,16.2,438.012,UHE.PH.SP.000203-8.01,,,,,,,,,,,,,,,,
155,Bariri- B,524,45,15,45.6,-23,23,36,0.8,-8.09,0.997,37,0.822222222222222,,0.83,,,,-,-,1,1,SP,SE-CO,Fio d´Agua,Rio Tiête,Bacia do Tietê,Pardo - SP,0.8,0.0248756218905473,0.0,524,634,1,BARIR2UHE001,-,-,1,-,1,1,1,45.6,-,-,-,0,15,45.6,OK,63.0,,,BARIR2UHE000,-23,23,,8.6,0.0,UHE.PH.SP.000203-8.01,,,,,,,,,,,,,,,,
156,Paulo Afonso 4G1,5022,2460,251,410,-230,205,492,0.2,-447,0.957,2066,0.839837398373984,,0.84,,,,0,-,6,6,BA,NE,Fio d´Agua,Rio São Francisco,Rio São Francisco,Sistema de 500kV do Nordeste,0.2,0.232580126689988,0.0,5001,5022,1,PAFO-4UHE002,0,-,6,-,6,6,6,410,-,47231,4,0,251,410,OK,119.0,,,PAFO-4UHE000,-230,205,,394,12202.56,UHE.PH.BA.027050-4.01,,,,,,,,,,,,,,,,
157,Porto Estrela,1594,117,20,58.9,-20,18.6,94,0.803418803418804,18.6,0.982,99,0.846153846153846,,0.85,,,,-,-,2,2,MG,SE-CO,Fio d´Agua,Rio Santo Antônio,Rio Doce,Região Central - MG,0.803418803418804,0.0950446791226645,0.0,1592,1594,1,PESTREUHE002,-,-,2,-,2,2,2,58.9,-,-,-,0,20,58.9,OK,94.0,8.0,,PESTREUHE000,-20,18.6,,18.8,302.56,UHE.PH.MG.027196-9.01,,,,,,,,,,,,,,,,
158,Barra Bonita,516,140,6.5,35.2,-14,14,112,0.8,-3.7,0.97,120,0.857142857142857,,0.86,,,,-,-,4,4,SP,SE-CO,Reservatório,Rio Tiête,Bacia do Tietê,Pardo - SP,0.8,0.0773908236594804,0.0,635,516,1,BBONITUHE004,-,-,4,-,4,4,4,35.2,-,-,-,0,6.5,35.2,OK,61.0,18.0,,BBONITUHE000,-14,14,,20.8,394.4,UHE.PH.SP.000208-9.01,,,,,,,,,,,,,,,,
159,Serra da Mesa,36,1260,240,420,-160,160,393,0.311904761904762,-160,0.956,1096,0.86984126984127,,0.87,,,,0,0,3,3,GO,SE-CO,Reservatório,Rio Tocantins,Rio Tocantins,,0.311904761904762,0.0974628712871287,0.0,235,36,1,S.MESAUHE001,0,0,3,0,3,3,3,420,-,37,3,0,240,420,OK,123.0,284.0,,S.MESAUHE000,-160,160,,164,7095.0,UHE.PH.GO.002731-6.01,,,,,,,,,,,,,,,,
160,St. Antônio do Jari,8269,369,36.5,123.3,-46,59.8,113,0.306233062330623,-46,0.966,325,0.880758807588076,,0.88,,,,-,-,3,3,PA/AP,N,Fio d´Agua,Rio Jari,Bacia do Amazonas,,0.306233062330623,0.0155794806839772,0.0,8268,8269,1,SA.JARUHE001,-,-,3,-,3,3,3,123.3,-,-,-,0,36.5,123.3,OK,139.0,,,SA.JARUHE000,-46,59.8,,44.9,1146.69,UHE.PH.AP.026792-9.01,,,,,,,,,,,,,,,,
161,São Salvador,3968,243,60,121.6,-58.8,58.8,73,0.300411522633745,-23.8,0.95,73,0.300411522633745,,,,,,-,-,1,2,TO,SE-CO,Fio d´Agua,Rio Tocantins,Rio Tocantins,Área GO/BR,0.300411522633745,0.0187964108910891,0.0,3967,3968,1,SSALV-UHE001,-,-,2,-,,1,1,121.6,-,-,-,0,60,121.6,OK,125.0,22.0,,SSALV-UHE000,-58.8,58.8,,48.6,373.95,UHE.PH.TO.028567-6.01,,,,,,,,,,,,,,,,
162,Chavantes,514,414,51,103.5,-50,50,124,0.29951690821256,28.36,0.984,124,0.29951690821256,,,,,,-,-,2,4,SP/PR,SE-CO,Reservatório,Rio Paranapanema,Bacia do Paranapanema,Alto Paranapanema - SP,0.29951690821256,0.151481888035126,0.0,615,514,1,CHAVANUHE002,-,-,4,-,,2,2,103.5,-,-,-,2,51,103.5,OK,50.0,102.0,,CHAVANUHE000,-50,50,,83,1296.97,UHE.PH.SP.000764-1.01,,,,,,,,,,,,,,,,
163,Gov. Parigot de Souza (C. Cachoeira),804,260,15,65,-33,34,77,0.296153846153846,-42.3,0.9,77,0.296153846153846,,,,,,2,0,2,4,PR,S,Reservatório,Rio Capivari,Rio Capivari,,0.296153846153846,1.0,0.0,817,804,1,GPSOUZUHE002,2,2,4,0,,2,2,65,-,805,3,0,15,65,OK,197.0,15.0,3.0,GPSOUZUHE000,-33,34,0.3,53,347.8,UHE.PH.PR.001042-1.01,,,,,,,,,,,,,,,,
164,Salto Pilão,2863,191,22.8,95.94,-44.15,44.15,56,0.293193717277487,-24.6,0.95,56,0.293193717277487,,,,,,-,-,1,2,SC,S,Fio d´Agua,Rio Itajaí,Rio Itajaí,,0.293193717277487,1.0,0.0,2864,2863,1,SPILAOUHE001,-,-,2,-,,1,1,95.94,-,-,-,0,22.8,95.94,OK,196.0,23.0,,SPILAOUHE000,-44.15,44.15,,39.94,282.8,UHE.PH.SC.028564-1.01,,,,,,,,,,,,,,,,
165,Ibitinga,517,131,12,43.8,-18,18,105,0.801526717557252,18,0.959,105,0.801526717557252,,,,,,-,-,3,3,SP,SE-CO,Fio d´Agua,Rio Tiête,Bacia do Tietê,Médio Tietê - SP,0.801526717557252,0.0724156992813709,0.0,645,517,1,IBITINUHE003,-,-,3,-,,3,3,43.8,-,-,-,0,12,43.8,OK,64.0,22.0,,IBITINUHE000,-18,18,,26.4,467.964,UHE.PH.SP.001097-9.01,,,,,,,,,,,,,,,,
166,Rosana,511,354,40,88.5,-27,38,248,0.700564971751412,70.99,1,248,0.700564971751412,,,,,,-,-,3,4,SP/PR,SE-CO,Fio d´Agua,Rio Paranapanema,Bacia do Paranapanema,,0.700564971751412,0.129527991218441,0.0,546,511,1,ROSAN1UHE003,-,-,4,-,,3,3,88.5,-,-,-,0,40,88.5,OK,58.0,80.0,,ROSAN1UHE000,-27,38,,17.5,1026.06,UHE.PH.SP.002555-0.01,,,,,,,,,,,,,,,,
167,Risoleta Neves (Candonga) ,1559,140,12,46.7,-14.3,27.6,112,0.8,0.7509,0.992,112,0.8,,,,,,-,-,3,3,MG,SE-CO,Fio d´Agua,Rio Doce,Rio Doce,Região Central - MG,0.8,0.113728675873274,0.0,1560,1559,1,CANDONUHE003,-,-,3,-,,3,3,46.7,-,-,-,0,12,46.7,OK,90.0,,,CANDONUHE000,-14.3,27.6,,28.1,418.236,UHE.PH.MG.000641-6.01,,,,,,,,,,,,,,,,
168,Ilhas dos Pombos ,257,180,,,,,144,0.8,-3.58,0.954,144,0.8,,,,,,-,-,5,5,RJ/MG,SE-CO,Fio d´Agua,Rio Paraíba do Sul,P. do Sul / R. das Lajes / Piraí,,0.8,0.103926096997691,0.0,258,257,1,I.POMBUHE005,-,-,5,-,,5,4,38.5,257,-,-,0,9.6,38.5,OK,79.0,,,I.POMBUHE000,,,,36,515.078,UHE.PH.RJ.001113-4.01,,,,,,,,,,,,,,,,
169,Barra Grande,1150,690,190,230,-76,76,190,0.27536231884058,-76,0.974,190,0.27536231884058,,,,,,2,2,1,3,SC,S,Reservatório,Rio Pelotas,Rio Uruguai,,0.27536231884058,0.116968977792846,0.0,936,1150,1,BGRANDUHE001,2,0,3,2,,1,1,230,-,1151,3,0,190,230,OK,178.0,0.0,3.0,BGRANDUHE000,-76,76,,40,2510.76,UHE.PH.RS.027556-5.01,,,,,,,,,,,,,,,,
170,Xingó,5061,3162,311,500,-220,173,858,0.27134724857685,-187,0.977,858,0.27134724857685,,,,,,4,2,2,6,AL,NE,Fio d´Agua,Rio São Francisco,Rio São Francisco,Sistema de 500kV do Nordeste,0.27134724857685,0.298950553086887,0.0,5060,5061,1,XINGO-UHE002,4,2,6,2,,2,2,500,-,47215,4,0,311,500,OK,120.0,,,XINGO-UHE000,-220,173,,142,9397.44,UHE.PH.SE.027053-9.01,,,,,,,,,,,,,,,,
171,Ferreira Gomes,8279,252,21,84,-28,41,67,0.265873015873016,7.484,1,67,0.265873015873016,,,,,,-,-,1,3,AP,N,Fio d´Agua,Rio Araguari,Bacia do Amazonas,,0.265873015873016,0.0106396453451552,0.0,8278,8279,1,FGOMESUHE001,-,-,3,-,,1,1,84,-,-,-,0,21,84,OK,143.0,,,FGOMESUHE000,-28,41,,17,272.118,UHE.PH.AP.030385-2.01,,,,,,,,,,,,,,,,
172,Cachoeira Caldeirão,8276,219,23,73,-35.7,35.7,57,0.26027397260274,0.014,0.995,57,0.26027397260274,,,,,,-,-,1,3,AP,N,Fio d´Agua,Rio Araguari,Bacia do Amazonas,,0.26027397260274,0.00924635845471818,0.0,8277,8276,1,CALDEIUHE001,-,-,3,-,,1,1,73,-,-,-,0,23,73,OK,140.0,,,CALDEIUHE000,-35.7,35.7,,16,128.79,UHE.PH.AP.031186-3.01,,,,,,,,,,,,,,,,
173,Retiro Baixo,4068,87,9.34,43.7,-41,30,70,0.804597701149425,-3.39,0.995,70,0.804597701149425,,,,,,-,-,2,2,MG,SE-CO,Reservatório,Rio Paraopeba,Rio São Francisco,Região Norte - MG,0.804597701149425,0.008225394724402,0.0,4069,4068,1,R.BAIXUHE002,-,-,2,-,,2,2,43.7,-,-,-,0,9.34,43.7,OK,103.0,8.0,,R.BAIXUHE000,-41,30,,17.4,291.18,UHE.PH.MG.029457-8.01,,,,,,,,,,,,,,,,
174,Luiz Gonzaga G1 (Itaparica),5051,750,180,230,-120,125,180,0.24,-64.5,0.999,180,0.24,,,,,,-,-,1,3,PE,NE,Reservatório,Rio São Francisco,Rio São Francisco,Sistema de 500kV do Nordeste,0.24,0.0709085752103621,0.0,5050,5051,1,LGONG1UHE001,-,-,3,-,,1,1,230,-,-,-,0,180,230,OK,106.0,,,LGONG1UHE000,-120,125,,50,1054.9,UHE.PH.PE.001174-6.01,,,,,,,,,,,,,,,,
175,Luiz Gonzaga G2 (Itaparica),5054,750,180,230,-120,125,180,0.24,-64.5,0.999,180,0.24,,,,,,-,-,1,3,PE,NE,Reservatório,Rio São Francisco,Rio São Francisco,Sistema de 500kV do Nordeste,0.24,0.0709085752103621,0.0,5050,5054,1,LGONG4UHE001,-,-,3,-,,1,1,230,-,-,-,0,180,230,OK,107.0,,,LGONG4UHE000,-120,125,,50,1112.44,UHE.PH.PE.001174-6.01,,,,,,,,,,,,,,,,
176,Capivara,507,619,80,154.75,-77,77,100,0.161550888529887,-1.1,0.95,100,0.161550888529887,,,,,,-,-,1,4,SP,SE-CO,Reservatório,Rio Paranapanema,Bacia do Paranapanema,Malha de 440kV - SP,0.161550888529887,0.226491035492133,0.0,549,507,1,CAPIVAUHE003,-,-,4,-,,1,1,154.75,-,-,-,0,80,154.75,OK,55.0,182.0,,CAPIVAUHE000,-77,77,,54.75,1000.0,UHE.PH.SP.000657-2.01,,,,,,,,,,,,,,,,
177,Irapé,4064,378,55.5,126.3,-63,47.7,302,0.798941798941799,13.77,0.968,302,0.798941798941799,,,,,,0,0,3,3,MG,SE-CO,Reservatório,Rio Jequitinhonha,Rio Jequitinhonha,Região Norte - MG,0.798941798941799,0.456521739130435,0.0,4065,4064,1,IRAPE-UHE003,0,0,3,0,,3,3,126.3,-,9041,3,0,55.5,126.3,OK,99.0,33.0,,IRAPE-UHE000,-63,47.7,,76.9,1461.6,UHE.PH.MG.001146-0.01,,,,,,,,,,,,,,,,
178,Santa Clara MG,1511,60,10.1,20,-6.6,6.6,48,0.8,-5.58,0.985,48,0.8,,,,,,-,-,3,3,MG/BA,SE-CO,Fio d´Agua,Rio Mucuri,Rio Mucuri,Região Central - MG,0.8,1.0,0.0,1595,1511,1,S.CLARUHE003,-,-,3,-,,3,3,20,-,-,-,0,10.1,20,OK,98.0,5.0,,S.CLARUHE000,-6.6,6.6,,12,126.0,UHE.PH.MG.002699-9.01,,,,,,,,,,,,,,,,
179,Aimorés,4042,330,35,110.2,-70,36.2,264,0.8,7.521,0.95,264,0.8,,,,,,-,-,3,3,MG,SE-CO,Fio d´Agua,Rio Doce,Rio Doce,Região Leste - MG,0.8,0.268074735987002,0.0,4043,4042,1,AIMOREUHE003,-,-,3,-,,3,3,110.2,-,-,-,0,35,110.2,OK,96.0,,,AIMOREUHE000,-70,36.2,,66.6,995.28,UHE.PH.MG.000042-6.01,,,,,,,,,,,,,,,,
180,Nova Avanhandava,518,331,47,110.5,-48,48,265,0.800604229607251,38.14,0.95,265,0.800604229607251,,,,,,-,-,3,3,SP,SE-CO,Fio d´Agua,Rio Tiête,Bacia do Tietê,Médio Tietê - SP,0.800604229607251,0.182974018794914,0.0,652,518,1,N.AVANUHE003,-,-,3,-,,3,3,110.5,-,-,-,0,47,110.5,OK,66.0,42.0,,N.AVANUHE000,-48,48,,66.5,1344.0,UHE.PH.SP.001552-0.01,,,,,,,,,,,,,,,,
181,Guilman Amorim,306,140,21.5,35,-17,17,112,0.8,17,0.951,112,0.8,,,,,,-,-,4,4,MG,SE-CO,Fio d´Agua,Rio Piracicaba,Rio Doce,Região Central - MG,0.8,0.113728675873274,0.0,1529,306,1,GUILMAUHE004,-,-,4,-,,4,4,35,-,-,-,0,21.5,35,OK,91.0,11.0,,GUILMAUHE000,-17,17,,28,569.4,UHE.PH.MG.001079-0.01,,,,,,,,,,,,,,,,
182,Taquaruçu,513,525,40,105,-48,48,263,0.500952380952381,34.32,0.956,263,0.500952380952381,,,,,,-,-,3,5,SP,SE-CO,Fio d´Agua,Rio Paranapanema,Bacia do Paranapanema,Malha de 440kV - SP,0.500952380952381,0.192096597145993,0.0,547,513,1,TAQUARUHE003,-,-,5,-,,3,3,105,-,-,-,0,40,105,OK,56.0,120.0,,TAQUARUHE000,-48,48,,52,1344.0,UHE.PH.SP.002821-5.01,,,,,,,,,,,,,,,,
183,Três Irmãos,520,807,140,161.5,-50,50,565,0.700123915737299,50,0.905,565,0.700123915737299,,,,,,-,-,4,5,SP,SE-CO,Reservatório,Rio Tiête,Bacia do Tietê,Malha de 440kV - SP,0.700123915737299,0.446102819237148,0.0,542,520,1,3IRMAOUHE004,-,-,5,-,,4,4,161.5,-,-,-,0,140,161.5,OK,67.0,65.0,,3IRMAOUHE000,-50,50,,81,2428.28,UHE.PH.SP.002873-8.01,,,,,,,,,,,,,,,,
184,Manso,21,216,28,54,-20,21,151,0.699074074074074,20.37,0.97,151,0.699074074074074,,,,,,-,-,3,4,MT,SE-CO,Reservatório,Rio Manso,Bacia do Paraguai,,0.699074074074074,0.323353293413174,0.0,4592,21,1,MANSO-UHE003,-,-,4,-,,3,3,54,-,-,-,0,28,54,OK,162.0,51.0,,MANSO-UHE000,-20,21,,11,453.6,UHE.PH.MT.001401-0.01,,,,,,,,,,,,,,,,
185,Sobradinho,6294,1050,46,146,-68,97,176,0.167619047619048,-91.1,0.978,176,0.167619047619048,,,,,,4,3,2,6,BA,NE,Reservatório,Rio São Francisco,Rio São Francisco,Sistema de 500kV do Nordeste,0.167619047619048,0.0992720052945069,0.0,6300,6294,1,SOBRADUHE002,4,1,6,3,,2,2,146,-,6295,6,0,46,146,OK,105.0,,,SOBRADUHE000,-68,97,,116,4122.5,UHE.PH.BA.002755-3.01,,,,,,,,,,,,,,,,
186,Promissão,519,264,31,88,-47,47,211,0.799242424242424,20.18,0.95,211,0.799242424242424,,,,,,-,-,3,3,SP,SE-CO,Reservatório,Rio Tiête,Bacia do Tietê,Médio Tietê - SP,0.799242424242424,0.145936981757877,0.0,661,519,1,PROMISUHE003,-,-,3,-,,3,3,88,-,-,-,0,31,88,OK,65.0,35.0,,PROMISUHE000,-47,47,,53,1593.0,UHE.PH.SP.002158-0.01,,,,,,,,,,,,,,,,
187,Iranduba,8580,25,-,-,-,-,4,0.16,0,0.936,4,0.16,,,,,,-,-,-,-,AM,N,Óleo Diesel,,Amazonas,,0.16,0.0190114068441065,0.0,8568,8580,1,IRANDU-AM069,-,-,-,-,,-,-,-,-,-,-,-,-,-,-,349.0,,,IRANDU-AM069,-,-,,-,0.0,,317,-,0,,,,,,,,,,,,,
188,Balbina,8597,250,20,50,-24.19,24.19,22,0.088,0.5263,0.995,22,0.088,,,,,,-,-,1,5,AM,N,Reservatório,Rio Uatumã,Bacia do Amazonas,,0.088,0.0105552037154317,0.0,8501,8597,1,BALBEQUHE001,-,-,5,-,,1,1,50,-,-,-,0,20,50,OK,138.0,,,BALBEQUHE000,-24.19,24.19,,28,181.608,UHE.PH.AM.000190-2.01,,,,,,,,,,,,,,,,
189,Flores,8524,80,-,-,-,-,6,0.075,0,1.01,6,0.075,,,,,,-,-,-,-,AM,N,Óleo Diesel,,Amazonas,,0.075,0.0608365019011407,0.0,8524,8523,1,FLORES-AM069,-,-,-,-,,-,-,-,-,-,-,-,-,-,-,350.0,,,FLORES-AM069,-,-,,-,0.0,,318,-,0,,,,,,,,,,,,,
190,Henry Borden,7453,192,15,64,-32,18,154,0.802083333333333,18,0.949,154,0.802083333333333,,,,,,0,0,3,3,SP,SE-CO,Reservatório,Rio Cubatão,Rio Cubatão,,0.802083333333333,0.221198156682028,0.0,482,7453,1,HBORD3UHE003,0,0,3,0,,3,3,64,-,7463,3,0,15,64,OK,70.0,,,HBORD3UHE000,-32,18,,38,646.215,UHE.PH.SP.001084-7.01,,,,,,,,,,,,,,,,
191,São José,8550,50,-,-,-,-,3,0.06,0,0.998,3,0.06,,,,,,-,-,-,-,AM,N,Óleo Diesel,,Amazonas,,0.06,0.0380228136882129,0.0,8537,8550,1,S.JOSE-AM069,-,-,-,-,,-,-,-,-,-,-,-,-,-,-,351.0,,,S.JOSE-AM069,-,-,,-,0.0,,-,-,-,,,,,,,,,,,,,
192,Henry Borden,7451,70,10,35,-18,17,56,0.8,7.066,0.958,56,0.8,,,,,,0,0,2,2,SP,SE-CO,Reservatório,Rio Cubatão,Rio Cubatão,,0.8,0.0806451612903226,0.0,481,7451,1,HBORD1UHE002,0,0,2,0,,2,2,35,-,7461,2,0,10,35,OK,68.0,19.0,,HBORD1UHE000,-18,17,,14,243.36,UHE.PH.SP.001084-7.01,,,,,,,,,,,,,,,,
193,Henry Borden,7452,124,15,62,-33,18,99,0.798387096774194,7.067,0.95,99,0.798387096774194,,,,,,0,0,2,2,SP,SE-CO,Reservatório,Rio Cubatão,Rio Cubatão,,0.798387096774194,0.142857142857143,0.0,481,7452,1,HBORD2UHE002,0,0,2,0,,2,2,62,-,7462,2,0,15,62,OK,69.0,,,HBORD2UHE000,-33,18,,25,437.45,UHE.PH.SP.001084-7.01,,,,,,,,,,,,,,,,
194,Henry Borden,7458,280,20,70,-34,35,224,0.8,35,0.89,224,0.8,,,,,,0,0,4,4,SP,SE-CO,Reservatório,Rio Cubatão,Rio Cubatão,,0.8,0.32258064516129,0.0,480,7458,1,HBORD8UHE004,0,0,4,0,,4,4,70,-,7468,4,0,20,70,OK,72.0,,,HBORD8UHE000,-34,35,,56,1008.0,UHE.PH.SP.001084-7.01,,,,,,,,,,,,,,,,
195,Henry Borden,7459,140,20,70,-34,35,112,0.8,35,0.956,112,0.8,,,,,,0,0,2,2,SP,SE-CO,Reservatório,Rio Cubatão,Rio Cubatão,,0.8,0.161290322580645,0.0,480,7459,1,HBORD9UHE002,0,0,2,0,,2,2,70,-,7469,2,0,20,70,OK,73.0,,,HBORD9UHE000,-34,35,,28,512.96,UHE.PH.SP.001084-7.01,,,,,,,,,,,,,,,,
196,Henry Borden,7454,62,15,62,-33,18,50,0.806451612903226,-11.5,0.987,50,0.806451612903226,,,,,,0,0,1,1,SP,SE-CO,Reservatório,Rio Cubatão,Rio Cubatão,,0.806451612903226,0.0714285714285714,0.0,7454,41825,1,HBORD4UHE001,0,0,1,0,,1,1,62,-,7464,1,0,15,62,OK,71.0,15.0,,HBORD4UHE000,-33,18,,12,218.725,UHE.PH.SP.001084-7.01,,,,,,,,,,,,,,,,
197,Termocamaçari (Rômulo Almeida - FAFEN),5757,120,-,-,-,-,2,0.0166666666666667,0,0.986,2,0.0166666666666667,,,,,,-,-,-,-,BA,NE,Gás Natural,,Bahia,,0.0166666666666667,0.167130919220056,0.0,5751,5757,9,CMD-BP-BA069,-,-,-,-,,-,-,-,-,-,-,-,-,-,-,316.0,,,CMD-BP-BA069,-,-,,-,0.0,,74,-,0,,,,,,,,,,,,,
198,Estrela,47629,48,,16.2,-5.4,5.4,,-,,,0,-,,,,,,-,-,0,3,GO,SE-CO,Fio d´Agua,Rio Verde,Bacia do Paranaíba,,0.0,0.00564573041637262,0.0,-,-,-,-,-,-,3,-,,0,0,16.2,-,-,-,0,0,16.2,OK,38.0,38.0,,ESTRELUHE000,-5.4,5.4,,0,0.0,UHE.PH.GO.038340-6.01,,,,,,,,,,,,,,,,
199,Rosana (Barra deve ser eliminada dos casos),505,"0,1",-,-,-,-,,-,,,0,-,,,,,,-,-,-,-,SP/PR,SE-CO,Fio d´Agua,Rio Paranapanema,Bacia do Paranapanema,,0.0,3.65898280278083e-05,0.0,-,-,-,-,-,-,-,-,,-,-,-,-,-,-,-,-,-,-,57.0,,,ROSAN2UHE000,-,-,,-,0.0,UHE.PH.SP.002555-0.01,,,,,,,,,,,,,,,,
200,Barra do Braúna,3337,39,-,-,-,-,0,0,0,0.977,0,0,,,,,,-,-,-,-,MG,SE-CO,Fio d´Agua,Rio Pomba,P. do Sul / R. das Lajes / Piraí,,0.0,0.0225173210161663,0.0,3305,3337,1,BRAU--PCH138,-,-,-,-,,-,-,-,-,-,-,-,-,-,-,80.0,,,BRAU--PCH138,-,-,,-,0.0,UHE.PH.MG.000215-1.01,,,,,,,,,,,,,,,,
201,Itapebi,5975,450,90,150,-107,64,0,0,0,0.945,0,0,,,,,,-,-,0,3,BA,NE,Fio d´Agua,Rio Jequitinhonha,Rio Jequitinhonha,Sistema de 230kV do Nordeste,0.0,0.543478260869565,0.0,5970,5975,1,ITAPEBUHE000,-,-,3,-,,0,0,150,-,-,-,0,90,150,OK,100.0,,,ITAPEBUHE000,-107,64,,0,0.0,UHE.PH.BA.001175-4.01,,,,,,,,,,,,,,,,
202,Pedra do Cavalo,5888,162,40,81,-50.4,39.2,0,0,0,0.858,0,0,,,,,,-,-,0,2,BA,NE,Reservatório,Rio Paraguaçu,Rio Paraguaçu,Sistema de 230kV do Nordeste,0.0,1.0,0.0,5882,5888,1,P.CAVAUHE000,-,-,2,-,,0,0,81,-,-,-,0,40,81,OK,101.0,,,P.CAVAUHE000,-50.4,39.2,,0,0.0,UHE.PH.BA.028565-0.01,,,,,,,,,,,,,,,,
203,A.SalesG1,5030,200,51,100,-43,48,0,0,0,0.974,0,0,,,,,,-,-,0,2,BA,NE,Fio d´Agua,Rio São Francisco,Rio São Francisco,Sistema de 230kV do Nordeste,0.0,0.0189089533894299,0.0,5029,5030,1,ASALG1UHE000,-,-,2,-,,0,0,100,-,-,-,0,51,100,OK,108.0,,,ASALG1UHE000,-43,48,,0,0.0,UHE.PH.AL.001510-5.01,,,,,,,,,,,,,,,,
204,A Sales G2,5032,200,51,100,-43,48,0,0,0,0.974,0,0,,,,,,-,-,0,2,BA,NE,Fio d´Agua,Rio São Francisco,Rio São Francisco,Sistema de 230kV do Nordeste,0.0,0.0189089533894299,0.0,5028,5032,1,ASALG3UHE000,-,-,2,-,,0,0,100,-,-,-,0,51,100,OK,109.0,,,ASALG3UHE000,-43,48,,0,0.0,UHE.PH.AL.001510-5.01,,,,,,,,,,,,,,,,
205,Paulo Afonso 1G1,5006,180,50,60,-9,12,0,0,0,1.02,0,0,,,,,,-,-,0,3,BA,NE,Fio d´Agua,Rio São Francisco,Rio São Francisco,Sistema de 230kV do Nordeste,0.0,0.0170180580504869,0.0,5004,5006,1,PAFO1GUHE000,-,-,3,-,,0,0,60,-,-,-,0,50,60,OK,110.0,,,PAFO1GUHE000,-9,12,,0,0.0,UHE.PH.BA.002012-5.01,,,,,,,,,,,,,,,,
206,Paulo Afonso 2G1,5009,70,70,70,-39,23,0,0,0,1.02,0,0,,,,,,-,-,0,1,BA,NE,Fio d´Agua,Rio São Francisco,Rio São Francisco,Sistema de 230kV do Nordeste,0.0,0.00661813368630046,0.0,6200,5009,1,PAF2G1UHE000,-,-,1,-,,0,0,70,-,-,-,0,70,70,OK,111.0,,,PAF2G1UHE000,-39,23,,0,0.0,UHE.PH.BA.027048-2.01,,,,,,,,,,,,,,,,
207,Paulo Afonso 2G2,5010,70,70,70,-39,23,0,0,0,1.02,0,0,,,,,,-,-,0,1,BA,NE,Fio d´Agua,Rio São Francisco,Rio São Francisco,Sistema de 230kV do Nordeste,0.0,0.00661813368630046,0.0,6201,5010,1,PAF2G2UHE000,-,-,1,-,,0,0,70,-,-,-,0,70,70,OK,112.0,,,PAF2G2UHE000,-39,23,,0,0.0,UHE.PH.BA.027048-2.01,,,,,,,,,,,,,,,,
208,Paulo Afonso 2G3,5011,75,70,75,-39,23,0,0,0,1.02,0,0,,,,,,-,-,0,1,BA,NE,Fio d´Agua,Rio São Francisco,Rio São Francisco,Sistema de 230kV do Nordeste,0.0,0.00709085752103621,0.0,5003,5011,1,PAF2G3UHE000,-,-,1,-,,0,0,75,-,-,-,0,70,75,OK,113.0,,,PAF2G3UHE000,-39,23,,0,0.0,UHE.PH.BA.027048-2.01,,,,,,,,,,,,,,,,
209,Paulo Afonso 2G4,5012,76,51,76,-67,54,0,0,0,1.02,0,0,,,,,,-,-,0,1,BA,NE,Fio d´Agua,Rio São Francisco,Rio São Francisco,Sistema de 230kV do Nordeste,0.0,0.00718540228798336,0.0,6202,5012,1,PAF2G4UHE000,-,-,1,-,,0,0,76,-,-,-,0,51,76,OK,114.0,,,PAF2G4UHE000,-67,54,,0,0.0,UHE.PH.BA.027048-2.01,,,,,,,,,,,,,,,,
210,Paulo Afonso 2G5,5013,76,51,76,-67,54,0,0,0,1.02,0,0,,,,,,-,-,0,1,BA,NE,Fio d´Agua,Rio São Francisco,Rio São Francisco,Sistema de 230kV do Nordeste,0.0,0.00718540228798336,0.0,5003,5013,1,PAF2G5UHE000,-,-,1,-,,0,0,76,-,-,-,0,51,76,OK,115.0,,,PAF2G5UHE000,-67,54,,0,0.0,UHE.PH.BA.027048-2.01,,,,,,,,,,,,,,,,
211,Paulo Afonso 2G6,5014,76,51,76,-67,54,0,0,0,1.02,0,0,,,,,,-,-,0,1,BA,NE,Fio d´Agua,Rio São Francisco,Rio São Francisco,Sistema de 230kV do Nordeste,0.0,0.00718540228798336,0.0,5003,5014,1,PAF2G6UHE000,-,-,1,-,,0,0,76,-,-,-,0,51,76,OK,116.0,,,PAF2G6UHE000,-67,54,,0,0.0,UHE.PH.BA.027048-2.01,,,,,,,,,,,,,,,,
212,Paulo Afonso 3G1,5015,400,151,200,-144,97,0,0,0,0.974,0,0,,,,,,-,-,0,2,BA,NE,Fio d´Agua,Rio São Francisco,Rio São Francisco,Sistema de 230kV do Nordeste,0.0,0.0378179067788598,0.0,5003,5015,1,PAF3G1UHE000,-,-,2,-,,0,0,200,-,-,-,0,151,200,OK,117.0,,,PAF3G1UHE000,-144,97,,0,0.0,UHE.PH.BA.027049-0.01,,,,,,,,,,,,,,,,
213,Paulo Afonso 3G2,5016,400,151,200,-144,97,0,0,0,1,0,0,,,,,,-,-,0,2,BA,NE,Fio d´Agua,Rio São Francisco,Rio São Francisco,Sistema de 230kV do Nordeste,0.0,0.0378179067788598,0.0,5004,5016,1,PAF3G2UHE000,-,-,2,-,,0,0,200,-,-,-,0,151,200,OK,118.0,,,PAF3G2UHE000,-144,97,,0,0.0,UHE.PH.BA.027049-0.01,,,,,,,,,,,,,,,,
214,Boa Esperança,5520,98,47.1,49,-26,26,0,0,0,0.997,0,0,,,,,,-,-,0,2,PI,NE,Reservatório,Rio Parnaíba,Rio Parnaíba,Sistema de 230kV do Nordeste,0.0,0.435555555555556,0.0,44095,5520,1,UBE1--UHE000,-,-,2,-,,0,0,49,-,-,-,0,47.1,49,OK,121.0,,,UBE1--UHE000,-26,26,,0,0.0,UHE.PH.PI.000267-4.01,,,,,,,,,,,,,,,,
215,Tucurui I,6420,1050,203,350,-105,105,0,0,0,0.995,0,0,,,,,,2,2,0,3,PA,N,Reservatório,Rio Tocantins,Rio Tocantins,Sistema Norte,0.0,0.0812190594059406,0.0,6410,6420,1,TUCUR2UHE000,2,1,3,2,,0,0,350,-,6421,2,0,203,350,OK,130.0,,,TUCUR2UHE000,-105,105,,0,3266.9,UHE.PH.PA.002889-4.01,,,,,,,,,,,,,,,,
216,Coaracy Nunes 2,8225,30,6.88,30,-9.49,9.49,0,0,0,0.977,0,0,,,,,,-,-,0,1,AP,N,Fio d´Agua,Rio Araguari,Bacia do Amazonas,,0.0,0.00126662444585181,0.0,8272,8225,1,CNUNE2UHE000,-,-,1,-,,0,0,30,-,-,-,0,6.88,30,OK,142.0,,,CNUNE2UHE000,-9.49,9.49,,0,0.0,UHE.PH.AP.000783-8.01,,,,,,,,,,,,,,,,
217,Juruena,46543,50,7,25,-11,11,0,0,0,1.01,0,0,,,,,,-,-,0,2,MT,SE-CO,Fio d´Agua,Rio Juruena,Bacia do Amazonas,,0.0,0.00211104074308634,0.0,46543,46542,1,JURUENPCH000,-,-,2,-,,0,0,25,-,-,-,1,7,25,REDESPACHAR,155.0,,,JURUENPCH000,-11,11,,0,0.0,UHE.PH.MT.040733-0.01,,,,,,,,,,,,,,,,
218,Jacuí,1162,180,18,30,-8,13,0,0,0,0.948,0,0,,,,,,-,-,0,6,RS,S,Fio d´Agua,Rio Jacuí,Rio Jacuí,,0.0,0.132255694342395,0.0,1216,1162,1,JACUI-UHE000,-,-,6,-,,0,0,30,-,-,-,0,18,30,OK,188.0,30.0,,JACUI-UHE000,-8,13,,0,0.0,UHE.PH.RS.001217-3.01,,,,,,,,,,,,,,,,
219,Angra 1,10,657,520,657,-70,240,0,0,0,0.93,0,0,,,,,,-,-,0,1,RJ,SE-CO,Nuclear,,Rio de Janeiro,,0.0,0.0599726152441807,0.0,105,10,1,ANGRA1UNE000,-,-,1,-,,0,0,657,-,-,-,0,520,657,OK,199.0,,,ANGRA1UNE000,-70,240,,0,0.0,UTN.UR.RJ.000100-7.01,1,31.17,510,,,,,,,,,,,,,
220,Marlim Azul,44329,566,,566,-140,350,0,0,0,1.01,0,0,,,,,,-,-,0,1,RJ,SE-CO,Gás Natural,,Rio de Janeiro,,0.0,0.051665905979005,0.0,44330,44329,1,MAZL-GUTE000,-,-,1,-,,0,0,566,-,-,-,0,0,566,OK,200.0,,,MAZL-GUTE000,-140,350,,0,0.0,UTE.GN.RJ.032211-3.01,236,85.01,420,,,,,,,,,,,,,
221,Baixada Fluminense (gás),9627,344,106.6,172,-95,112.5,0,0,0,0.968,0,0,,,,,,-,-,0,2,RJ,SE-CO,Gás Natural,,Rio de Janeiro,,0.0,0.0314011866727522,0.0,9626,9627,1,BFLUMGUTE000,-,-,2,-,,0,0,172,-,-,-,0,106.6,172,OK,201.0,,,BFLUMGUTE000,-95,112.5,,0,0.0,UTE.GN.RJ.030769-6.01,211,101.21,0,,,,,,,,,,,,,
222,Baixada Fluminense (vapor),9628,186,53.3,186,-85,120,0,0,0,0.968,0,0,,,,,,-,-,0,1,RJ,SE-CO,Gás Natural,,Rio de Janeiro,,0.0,0.0169785486079416,0.0,9626,9628,1,BFLUMVUTE000,-,-,1,-,,0,0,186,-,-,-,0,53.3,186,OK,202.0,,,BFLUMVUTE000,-85,120,,0,0.0,UTE.GN.RJ.030769-6.01,211,101.21,0,,,,,,,,,,,,,
223,Norte Fluminense (gás),3962,570,130,190,-70,120,0,0,0,1.03,0,0,,,,,,-,-,0,3,RJ,SE-CO,Gás Natural,,Rio de Janeiro,,0.0,0.0520310360565952,0.0,44307,3962,1,NFLU-GUTE000,-,-,3,-,,0,0,190,-,-,-,0,130,190,OK,203.0,,,NFLU-GUTE000,-70,120,,0,0.0,UTE.GN.RJ.001544-0.01,171,101.72,265,,,,,,,,,,,,,
224,Norte Fluminense (vapor),3963,291,60,291,-110,180,0,0,0,1.03,0,0,,,,,,-,-,0,1,RJ,SE-CO,Gás Natural,,Rio de Janeiro,,0.0,0.0265632131446828,0.0,44307,3963,1,NFLU-VUTE000,-,-,1,-,,0,0,291,-,-,-,0,60,291,OK,204.0,,,NFLU-VUTE000,-110,180,,0,0.0,UTE.GN.RJ.001544-0.01,173,226.18,135,,,,,,,,,,,,,
225,Santa Cruz,32,350,60,175,-90,110,0,0,0,0.999,0,0,,,,,,-,-,0,2,RJ,SE-CO,GNL,,Rio de Janeiro,,0.0,0.0319488817891374,0.0,184,32,1,SCRU16UTE000,-,-,2,-,,0,0,175,-,-,-,0,60,175,OK,205.0,,,SCRU16UTE000,-90,110,,0,0.0,UTE.GN.RJ.027243-4.01,86,156.79,0,,,,,,,,,,,,,
226,Santa Cruz (Vapor),46019,150,,150,-55,90,0,0,0,0.999,0,0,,,,,,-,-,0,1,RJ,SE-CO,GNL,,Rio de Janeiro,,0.0,0.0136923779096303,0.0,184,46019,1,SCRU31UTE000,-,-,1,-,,0,0,150,-,-,-,0,0,150,OK,206.0,,,SCRU31UTE000,-55,90,,0,0.0,UTE.GN.RJ.027243-4.01,86,156.79,0,,,,,,,,,,,,,
227,GNA II (Porto do Açu III) (gás),44327,1100,363,366.7,-123.1,185.2,0,0,0,0.966,0,0,,,,,,-,-,0,3,RJ,SE-CO,Gás Natural,,Rio de Janeiro,,0.0,0.100410771337289,0.0,44328,44327,1,GNA2G-UTE000,-,-,3,-,,0,0,366.7,-,-,-,0,363,366.7,OK,207.0,,,GNA2G-UTE000,-123.1,185.2,,0,0.0,UTE.GN.RJ.038173-0.01,238,171.71,0,,,,,,,,,,,,,
228,GNA II (Porto do Açu III) (vapor),44410,572,188.9,572.4,-173.6,255.6,0,0,0,0.966,0,0,,,,,,-,-,0,1,RJ,SE-CO,Gás Natural,,Rio de Janeiro,,0.0,0.0522136010953902,0.0,44328,44410,1,GNA2V-UTE000,-,-,1,-,,0,0,572.4,-,-,-,0,188.9,572.4,OK,208.0,,,GNA2V-UTE000,-173.6,255.6,,0,0.0,UTE.GN.RJ.038173-0.01,238,171.71,0,,,,,,,,,,,,,
229,Linhares,9026,204,8.5,8.5,-3.3,4.6,0,0,0,0.995,0,0,,,,,,-,-,0,24,ES,SE-CO,Gás Natural,,Espírito Santo,,0.0,0.339434276206323,0.0,9025,9026,1,LINH--UTE000,-,-,24,-,,0,0,8.5,-,-,-,0,8.5,8.5,OK,209.0,,,LINH--UTE000,-3.3,4.6,,0,0.0,UTE.GN.ES.030054-3.01,15,232.04,0,,,,,,,,,,,,,
230,GNA I (Novo Tempo) (gás),53,872,35.6,290.7,-97.6,205.5,0,0,0,0.988,0,0,,,,,,-,-,0,3,RJ,SE-CO,Gás Natural,,Rio de Janeiro,,0.0,0.0795983569146509,0.0,53,52,1,GNA1G-UTE000,-,-,3,-,,0,0,290.7,-,-,-,0,35.6,290.7,OK,210.0,,,GNA1G-UTE000,-97.6,205.5,,0,0.0,UTE.GN.RJ.032955-0.02,137,238.59,0,,,,,,,,,,,,,
231,GNA I (Novo Tempo) (vapor),54,477,,477.7,-241,291,0,0,0,0.988,0,0,,,,,,-,-,0,1,RJ,SE-CO,Gás Natural,,Rio de Janeiro,,0.0,0.0435417617526244,0.0,54,52,1,GNA1V-UTE000,-,-,1,-,,0,0,477.7,-,-,-,0,0,477.7,OK,211.0,,,GNA1V-UTE000,-241,291,,0,0.0,UTE.GN.RJ.032955-0.02,137,238.59,0,,,,,,,,,,,,,
232,Termorio (Gov. Leonel Brizola),4203,120,65,120,-61,76.8,0,0,0,1,0,0,,,,,,-,-,0,1,RJ,SE-CO,Gás Natural,,Rio de Janeiro,,0.0,0.0109539023277042,0.0,4201,4203,1,TRG11-UTE000,-,-,1,-,,0,0,120,-,-,-,0,65,120,OK,215.0,,,TRG11-UTE000,-61,76.8,,0,0.0,UTE.GN.RJ.027888-2.01,47,405.69,101,,,,,,,,,,,,,
233,Termorio (Gov. Leonel Brizola),44324,120,65,120,-61,76.8,0,0,0,1,0,0,,,,,,-,-,0,1,RJ,SE-CO,Gás Natural,,Rio de Janeiro,,0.0,0.0109539023277042,0.0,4201,44324,1,TRG12-UTE000,-,-,1,-,,0,0,120,-,-,-,0,65,120,OK,216.0,,,TRG12-UTE000,-61,76.8,,0,0.0,UTE.GN.RJ.027888-2.01,47,405.69,0,,,,,,,,,,,,,
234,Termorio (Gov. Leonel Brizola),4204,184,40,184,-79,110,0,0,0,1,0,0,,,,,,-,-,0,1,RJ,SE-CO,Gás Natural,,Rio de Janeiro,,0.0,0.0167959835691465,0.0,4201,4204,1,TRV18-UTE000,-,-,1,-,,0,0,184,-,-,-,0,40,184,OK,217.0,,,TRV18-UTE000,-79,110,,0,0.0,UTE.GN.RJ.027888-2.01,47,405.69,0,,,,,,,,,,,,,
235,Termorio (Gov. Leonel Brizola),4205,120,40,120,-61,76.8,0,0,0,1,0,0,,,,,,-,-,0,1,RJ,SE-CO,Gás Natural,,Rio de Janeiro,,0.0,0.0109539023277042,0.0,4201,4205,1,TRV28-UTE000,-,-,1,-,,0,0,120,-,-,-,0,40,120,OK,218.0,,,TRV28-UTE000,-61,76.8,,0,0.0,UTE.GN.RJ.027888-2.01,47,405.69,0,,,,,,,,,,,,,
236,Termorio (Gov. Leonel Brizola),4206,120,65,120,-61,76.8,0,0,0,1,0,0,,,,,,-,-,0,1,RJ,SE-CO,Gás Natural,,Rio de Janeiro,,0.0,0.0109539023277042,0.0,4202,4206,1,TRG21-UTE000,-,-,1,-,,0,0,120,-,-,-,0,65,120,OK,219.0,,,TRG21-UTE000,-61,76.8,,0,0.0,UTE.GN.RJ.027888-2.01,47,405.69,0,,,,,,,,,,,,,
237,Termorio (Gov. Leonel Brizola),44325,120,65,120,-61,76.8,0,0,0,1,0,0,,,,,,-,-,0,1,RJ,SE-CO,Gás Natural,,Rio de Janeiro,,0.0,0.0109539023277042,0.0,4202,44325,1,TRG22-UTE000,-,-,1,-,,0,0,120,-,-,-,0,65,120,OK,220.0,,,TRG22-UTE000,-61,76.8,,0,0.0,UTE.GN.RJ.027888-2.01,47,405.69,0,,,,,,,,,,,,,
238,Termorio (Gov. Leonel Brizola),4207,120,65,120,-61,76.8,0,0,0,1,0,0,,,,,,-,-,0,1,RJ,SE-CO,Gás Natural,,Rio de Janeiro,,0.0,0.0109539023277042,0.0,4202,4207,1,TRG31-UTE000,-,-,1,-,,0,0,120,-,-,-,0,65,120,OK,221.0,,,TRG31-UTE000,-61,76.8,,0,0.0,UTE.GN.RJ.027888-2.01,47,405.69,0,,,,,,,,,,,,,
239,Termorio (Gov. Leonel Brizola),44326,120,65,120,-61,76.8,0,0,0,1,0,0,,,,,,-,-,0,1,RJ,SE-CO,Gás Natural,,Rio de Janeiro,,0.0,0.0109539023277042,0.0,4202,44326,1,TRG32-UTE000,-,-,1,-,,0,0,120,-,-,-,0,65,120,OK,222.0,,,TRG32-UTE000,-61,76.8,,0,0.0,UTE.GN.RJ.027888-2.01,47,405.69,0,,,,,,,,,,,,,
240,Termorio (Gov. Leonel Brizola),4208,120,40,120,-61,76.8,0,0,0,1,0,0,,,,,,-,-,0,1,RJ,SE-CO,Gás Natural,,Rio de Janeiro,,0.0,0.0109539023277042,0.0,4202,4208,1,TRV38-UTE000,-,-,1,-,,0,0,120,-,-,-,0,40,120,OK,223.0,,,TRV38-UTE000,-61,76.8,,0,0.0,UTE.GN.RJ.027888-2.01,47,405.69,0,,,,,,,,,,,,,
241,Cubatão (Euzébio Rocha) (gás),9100,160,90,160,-120,120,0,0,0,0.939,0,0,,,,,,-,-,0,1,SP,SE-CO,Gás Natural,,São Paulo,,0.0,0.164948453608247,0.0,9105,9100,1,CUBATGUTE000,-,-,1,-,,0,0,160,-,-,-,0,90,160,OK,224.0,,,CUBATGUTE000,-120,120,,0,0.0,UTE.GN.SP.028014-3.01,97,423.2,59,,,,,,,,,,,,,
242,Cubatão (Euzébio Rocha) (vapor),9101,50,35,50,-38,38,0,0,0,0.939,0,0,,,,,,-,-,0,1,SP,SE-CO,Gás Natural,,São Paulo,,0.0,0.0515463917525773,0.0,9105,9101,1,CUBATVUTE000,-,-,1,-,,0,0,50,-,-,-,0,35,50,OK,225.0,,,CUBATVUTE000,-38,38,,0,0.0,UTE.GN.SP.028014-3.01,97,423.2,27,,,,,,,,,,,,,
243,Ibirité (Aureliano Chaves) (gás),1585,164,90,164,-75,123.3,0,0,0,0.954,0,0,,,,,,-,-,0,1,MG,SE-CO,Gás Natural,,Minas Gerais,,0.0,0.491017964071856,0.0,1515,1585,1,IBIRG-UTE000,-,-,1,-,,0,0,164,-,-,-,0,90,164,OK,226.0,,,IBIR-GUTE000,-75,123.3,,0,0.0,UTE.GN.MG.001096-0.01,63,473.63,0,,,,,,,,,,,,,
244,Ibirité (Aureliano Chaves) (vapor),1586,84,50,84,-46.5,51.5,0,0,0,0.954,0,0,,,,,,-,-,0,1,MG,SE-CO,Gás Natural,,Minas Gerais,,0.0,0.251497005988024,0.0,1515,1586,1,IBIRT-UTE000,-,-,1,-,,0,0,84,-,-,-,0,50,84,OK,227.0,,,IBIRITUTE000,-46.5,51.5,,0,0.0,UTE.GN.MG.001096-0.01,63,473.63,0,,,,,,,,,,,,,
245,PCS - Karkey 013,45066,177,,,,,0,0,0,0.994,0,0,,,,,,-,-,0,9,RJ,SE-CO,Gás Natural,,Rio de Janeiro,,0.0,0.0161570059333638,0.0,45066,45064,1,KRK13BUTE000,-,-,9,-,,0,0,18.11,45066,-,-,0,2.38,18.11,OK,229.0,,,KRK13BUTE000,,,,0,0.0,,245,533.16,14,,,,,,,,,,,,,
246,PCS - Karkey 019,45067,54,,18.32,-6.37,13.61,0,0,0,0.994,0,0,,,,,,-,-,0,3,RJ,SE-CO,Gás Natural,,Rio de Janeiro,,0.0,0.00492925604746691,0.0,45067,45064,1,KRK19AUTE000,-,-,3,-,,0,0,18.32,-,-,-,0,0,18.32,OK,230.0,,,KRK19AUTE000,-6.37,13.61,,0,0.0,,246,533.16,0,,,,,,,,,,,,,
247,PCS - Karkey 019,45068,60,,,,,0,0,0,0.994,0,0,,,,,,-,-,0,4,RJ,SE-CO,Gás Natural,,Rio de Janeiro,,0.0,0.00547695116385212,0.0,45068,45064,1,KRK19BUTE000,-,-,4,-,,0,0,12.16,45068,-,-,0,0,12.16,OK,231.0,,,KRK19BUTE000,,,,0,0.0,,246,533.16,0,,,,,,,,,,,,,
248,Três Lagoas A (Luiz Carlos Prestes) (gás),4300,128,58,64,-22.7,47.4,0,0,0,0.996,0,0,,,,,,-,-,0,2,SP,SE-CO,Gás Natural,,São Paulo,,0.0,0.131958762886598,0.0,4300,4302,1,TLGA-GUTE000,-,-,2,-,,0,0,64,-,-,-,0,58,64,OK,232.0,,,TLGA-GUTE000,-22.7,47.4,,0,0.0,UTE.GN.MS.027975-7.01,68,574.68,0,,,,,,,,,,,,,
249,Três Lagoas A (Luiz Carlos Prestes) (vapor),3524,64,58,64,-17,47.4,0,0,0,0.996,0,0,,,,,,-,-,0,1,SP,SE-CO,Gás Natural,,São Paulo,,0.0,0.065979381443299,0.0,3524,4302,1,TLGA-VUTE000,-,-,1,-,,0,0,64,-,-,-,0,58,64,OK,233.0,,,TLGA-VUTE000,-17,47.4,,0,0.0,UTE.GN.MS.027975-7.01,68,574.68,0,,,,,,,,,,,,,
250,Três Lagoas B (Luiz Carlos Prestes) (gás),4301,128,58,64,-22.7,47.4,0,0,0,0.996,0,0,,,,,,-,-,0,2,SP,SE-CO,Gás Natural,,São Paulo,,0.0,0.131958762886598,0.0,4301,4303,1,TLGB-GUTE000,-,-,2,-,,0,0,64,-,-,-,0,58,64,OK,234.0,,,TLGB-GUTE000,-22.7,47.4,,0,0.0,UTE.GN.MS.027975-7.01,68,574.68,0,,,,,,,,,,,,,
251,Três Lagoas B (Luiz Carlos Prestes) (vapor),3525,64,58,64,-17,47.4,0,0,0,0.996,0,0,,,,,,-,-,0,1,SP,SE-CO,Gás Natural,,São Paulo,,0.0,0.065979381443299,0.0,3525,4303,1,TLGB-VUTE000,-,-,1,-,,0,0,64,-,-,-,0,58,64,OK,235.0,,,TLGB-VUTE000,-17,47.4,,0,0.0,UTE.GN.MS.027975-7.01,68,574.68,0,,,,,,,,,,,,,
252,PCS - Porsud I,45069,36,,18.32,-6.25,12.53,0,0,0,0.994,0,0,,,,,,-,-,0,2,RJ,SE-CO,Gás Natural,,Rio de Janeiro,,0.0,0.00328617069831127,0.0,45069,45064,1,PRSD1AUTE000,-,-,2,-,,0,0,18.32,-,-,-,0,0,18.32,OK,236.0,,,PRSD1AUTE000,-6.25,12.53,,0,0.0,,249,632.43,0,,,,,,,,,,,,,
253,PCS - Porsud I,45070,36,,18.32,-6.25,12.53,0,0,0,0.994,0,0,,,,,,-,-,0,2,RJ,SE-CO,Gás Natural,,Rio de Janeiro,,0.0,0.00328617069831127,0.0,45070,45064,1,PRSD1BUTE000,-,-,2,-,,0,0,18.32,-,-,-,0,0,18.32,OK,237.0,,,PRSD1BUTE000,-6.25,12.53,,0,0.0,,249,632.43,0,,,,,,,,,,,,,
254,PCS - Porsud I,45071,42,,,,,0,0,0,0.994,0,0,,,,,,-,-,0,3,RJ,SE-CO,Gás Natural,,Rio de Janeiro,,0.0,0.00383386581469649,0.0,45071,45064,1,PRSD1CUTE000,-,-,3,-,,0,0,12.16,45071,-,-,0,0,12.16,OK,238.0,,,PRSD1CUTE000,,,,0,0.0,,249,632.43,0,,,,,,,,,,,,,
255,PCS - Porsud II,45072,78,,,,,0,0,0,0.994,0,0,,,,,,-,-,0,5,RJ,SE-CO,Gás Natural,,Espírito Santo,,0.0,0.129783693843594,0.0,45072,45064,1,PRSD2-UTE000,-,-,5,-,,0,0,12.04,45072,-,-,0,0,12.04,OK,239.0,,,PRSD2-UTE000,,,,0,0.0,,250,634.94,0,,,,,,,,,,,,,
256,Juiz de Fora,4100,43,35,43.5,-21,28,0,0,0,0.981,0,0,,,,,,-,-,0,1,MG,SE-CO,Gás Natural,,Minas Gerais,,0.0,0.12874251497006,0.0,4101,4100,1,JFORA1UTE000,-,-,1,-,,0,0,43.5,-,-,-,0,35,43.5,OK,240.0,,,JFORA1UTE000,-21,28,,0,0.0,UTE.RU.MG.031206-1.01,54,667.34,0,,,,,,,,,,,,,
257,Juiz de Fora,4180,43,35,43.5,-21,28,0,0,0,1,0,0,,,,,,-,-,0,1,MG,SE-CO,Gás Natural,,Minas Gerais,,0.0,0.12874251497006,0.0,4182,4180,1,JFORA-UTE000,-,-,1,-,,0,0,43.5,-,-,-,0,35,43.5,OK,241.0,,,JFORA-UTE000,-21,28,,0,0.0,UTE.RU.MG.031206-1.01,54,667.34,0,,,,,,,,,,,,,
258,Seropédica (Barbosa Lima Sobrinho),3974,182,35,45.6,-18,26,0,0,0,1,0,0,,,,,,-,-,0,4,RJ,SE-CO,Gás Natural,,Rio de Janeiro,,0.0,0.0166134185303514,0.0,3974,3975,1,SEROP-UTE000,-,-,4,-,,0,0,45.6,-,-,-,0,35,45.6,OK,242.0,,,SEROP-UTE000,-18,26,,0,0.0,UTE.PE.SP.002082-6.01,62,723.55,0,,,,,,,,,,,,,
259,Seropédica (Barbosa Lima Sobrinho),44892,182,35,45.6,-18,26,0,0,0,1,0,0,,,,,,-,-,0,4,RJ,SE-CO,Gás Natural,,Rio de Janeiro,,0.0,0.0166134185303514,0.0,44892,3442,1,SEROP2UTE000,-,-,4,-,,0,0,45.6,-,-,-,0,35,45.6,OK,243.0,,,SEROP2UTE000,-18,26,,0,0.0,UTE.PE.SP.002082-6.01,62,723.55,0,,,,,,,,,,,,,
260,PCS - Linhares (LORM - expansão),45986,37,2.8,9.37,-2.64,7.52,0,0,0,1,0,0,,,,,,-,-,0,4,ES,SE-CO,Gás Natural,,Espírito Santo,,0.0,0.0615640599001664,0.0,45986,45985,1,LORMEXUTE000,-,-,4,-,,0,0,9.37,-,-,-,0,2.8,9.37,OK,244.0,,,LORMEXUTE000,-2.64,7.52,,0,0.0,,247,750,0,,,,,,,,,,,,,
261,PCS - Povoação 1,45988,56,1.17,9.39,-2.49,7.04,0,0,0,1,0,0,,,,,,-,-,0,6,ES,SE-CO,Gás Natural,,Espírito Santo,,0.0,0.0931780366056572,0.0,45988,45985,1,POVGR1UTE000,-,-,6,-,,0,0,9.39,-,-,-,0,1.17,9.39,OK,245.0,,,POVGR1UTE000,-2.49,7.04,,0,0.0,,251,750,0,,,,,,,,,,,,,
262,PCS - Povoação 1,45987,18,1.17,9.39,-2.49,7.04,0,0,0,1,0,0,,,,,,-,-,0,2,ES,SE-CO,Gás Natural,,Espírito Santo,,0.0,0.0299500831946755,0.0,45986,45987,1,POVGR2UTE000,-,-,2,-,,0,0,9.39,-,-,-,0,1.17,9.39,OK,246.0,,,POVGR2UTE000,-2.49,7.04,,0,0.0,,251,750,0,,,,,,,,,,,,,
263,PCS - Viana 1A (expansão),45981,9,1.17,9.37,-2.65,7.03,0,0,0,1,0,0,,,,,,-,-,0,1,ES,SE-CO,Gás Natural,,Espírito Santo,,0.0,0.0149750415973378,0.0,45981,45976,1,VNA1AEUTE000,-,-,1,-,,0,0,9.37,-,-,-,0,1.17,9.37,OK,247.0,,,VNA1AEUTE000,-2.65,7.03,,0,0.0,,253,750,0,,,,,,,,,,,,,
264,PCS - Viana 1B (expansão),45982,9,1.17,9.37,-2.65,7.03,0,0,0,1,0,0,,,,,,-,-,0,1,ES,SE-CO,Gás Natural,,Espírito Santo,,0.0,0.0149750415973378,0.0,45982,45977,1,VNA1BEUTE000,-,-,1,-,,0,0,9.37,-,-,-,0,1.17,9.37,OK,248.0,,,VNA1BEUTE000,-2.65,7.03,,0,0.0,,253,750,0,,,,,,,,,,,,,
265,PCS - Viana 2A (expansão),45983,9,1.17,9.37,-2.65,7.03,0,0,0,1,0,0,,,,,,-,-,0,1,ES,SE-CO,Gás Natural,,Espírito Santo,,0.0,0.0149750415973378,0.0,45983,45979,1,VNA2AEUTE000,-,-,1,-,,0,0,9.37,-,-,-,0,1.17,9.37,OK,249.0,,,VNA2AEUTE000,-2.65,7.03,,0,0.0,,253,750,0,,,,,,,,,,,,,
266,PCS - Viana 2B (expansão),45984,9,1.17,9.37,-2.65,7.03,0,0,0,1,0,0,,,,,,-,-,0,1,ES,SE-CO,Gás Natural,,Espírito Santo,,0.0,0.0149750415973378,0.0,45984,45980,1,VNA2BEXUT000,-,-,1,-,,0,0,9.37,-,-,-,0,1.17,9.37,OK,250.0,,,VNA2BEXUT000,-2.65,7.03,,0,0.0,,253,750,0,,,,,,,,,,,,,
267,Nova Piratininga 88kV (Fernando Gasparian),406,188,60,94,-64,117,0,0,0,0.99,0,0,,,,,,-,-,0,2,SP,SE-CO,Gás Natural,,São Paulo,,0.0,0.193814432989691,0.0,485,406,1,NPIRA2UTE000,-,-,2,-,,0,0,94,-,-,-,0,60,94,OK,251.0,,,NPIRA2UTE000,-64,117,,0,0.0,UTE.GN.SP.028191-3.01,110,753.46,0,,,,,,,,,,,,,
268,Nova Piratininga 230kV (Fernando Gasparian),405,188,60,94,-64,117,0,0,0,0.98,0,0,,,,,,-,-,0,2,SP,SE-CO,Gás Natural,,São Paulo,,0.0,0.193814432989691,0.0,484,405,1,NPIRA1UTE000,-,-,2,-,,0,0,94,-,-,-,0,60,94,OK,252.0,,,NPIRA1UTE000,-64,117,,0,0.0,UTE.GN.SP.028191-3.01,110,753.46,0,,,,,,,,,,,,,
269,Termomacaé (Mário Lago) (gás),3977,547,35,45.6,-35,38,0,0,0,1.03,0,0,,,,,,-,-,0,12,RJ,SE-CO,Gás Natural,,Rio de Janeiro,,0.0,0.0499315381104519,0.0,3966,3977,1,TMACAGUTE000,-,-,12,-,,0,0,45.6,-,-,-,0,35,45.6,OK,253.0,,,TMACAGUTE000,-35,38,,0,0.0,UTE.GN.RJ.028029-1.01,90,929.71,0,,,,,,,,,,,,,
270,Termomacaé (Mário Lago) (vapor),3978,364,35,45.6,-26,34,0,0,0,1.03,0,0,,,,,,-,-,0,8,RJ,SE-CO,Gás Natural,,Rio de Janeiro,,0.0,0.0332268370607029,0.0,3966,3978,1,TMACAVUTE000,-,-,8,-,,0,0,45.6,-,-,-,0,35,45.6,OK,254.0,,,TMACAVUTE000,-26,34,,0,0.0,UTE.GN.RJ.028029-1.01,90,929.71,0,,,,,,,,,,,,,
271,Viana A (representação antiga),8910,87,-,-,-,-,,-,,,0,-,,,,,,-,-,-,-,ES,SE-CO,Óleo Diesel,,Espírito Santo,,0.0,0.144758735440932,0.0,-,-,-,-,-,-,-,-,,-,-,-,-,-,-,-,-,-,-,255.0,,,VIANA1UTE000,-,-,,-,0.0,UTE.PE.ES.029664-3.01,49,1023.39,0,,,,,,,,,,,,,
272,Viana B (representação antiga),8911,87,-,-,-,-,,-,,,0,-,,,,,,-,-,-,-,ES,SE-CO,Óleo Diesel,,Espírito Santo,,0.0,0.144758735440932,0.0,-,-,-,-,-,-,-,-,,-,-,-,-,-,-,-,-,-,-,256.0,,,VIANA2UTE000,-,-,,-,0.0,UTE.PE.ES.029664-3.01,49,1023.39,0,,,,,,,,,,,,,
273,Viana 1A (nova representação),45976,43,6.98,8.73,-6.5,6.5,0,0,0,1,0,0,,,,,,-,-,0,5,ES,SE-CO,Gás Natural,,Espírito Santo,,0.0,0.0715474209650582,0.0,45976,45975,1,VNA1A-UTE000,-,-,5,-,,0,0,8.73,-,-,-,0,6.98,8.73,OK,257.0,,,VNA1A-UTE000,-6.5,6.5,,0,0.0,,49,1023.39,0,,,,,,,,,,,,,
274,Viana 1B (nova representação),45977,43,6.98,8.73,-6.5,6.5,0,0,0,1,0,0,,,,,,-,-,0,5,ES,SE-CO,Gás Natural,,Espírito Santo,,0.0,0.0715474209650582,0.0,45977,45975,1,VNA1B-UTE000,-,-,5,-,,0,0,8.73,-,-,-,0,6.98,8.73,OK,258.0,,,VNA1B-UTE000,-6.5,6.5,,0,0.0,,49,1023.39,0,,,,,,,,,,,,,
275,Viana 2A (nova representação),45979,43,6.98,8.73,-6.5,6.5,0,0,0,1,0,0,,,,,,-,-,0,5,ES,SE-CO,Gás Natural,,Espírito Santo,,0.0,0.0715474209650582,0.0,45979,45978,1,VNA2A-UTE000,-,-,5,-,,0,0,8.73,-,-,-,0,6.98,8.73,OK,259.0,,,VNA2A-UTE000,-6.5,6.5,,0,0.0,,49,1023.39,0,,,,,,,,,,,,,
276,Viana 2B (nova representação),45980,43,6.98,8.73,-6.5,6.5,0,0,0,1,0,0,,,,,,-,-,0,5,ES,SE-CO,Gás Natural,,Espírito Santo,,0.0,0.0715474209650582,0.0,45980,45978,1,VNA2B-UTE000,-,-,5,-,,0,0,8.73,-,-,-,0,6.98,8.73,OK,260.0,,,VNA2B-UTE000,-6.5,6.5,,0,0.0,,49,1023.39,0,,,,,,,,,,,,,
277,Palmeiras de Goiás,3740,175,-,-,-,-,0,0,0,1,0,0,,,,,,-,-,-,-,GO,SE-CO,Óleo Diesel,,Goiás,,0.0,1.0,0.0,3725,3740,1,PALMEIUTE099,-,-,-,-,,-,-,-,-,-,-,-,-,-,-,261.0,,,PALMEIUTE099,-,-,,-,0.0,UTE.PE.GO.001946-1.01,182,1730.02,0,,,,,,,,,,,,,
278,TermoNorte II (gás),6912,229,-,-,-,-,0,0,0,1,0,0,,,,,,-,-,-,-,RO,SE-CO,Gás Natural,,AC/RO,,0.0,0.665697674418605,0.0,7568,6912,1,T.N2-GUTE000,-,-,-,-,,-,-,-,-,-,-,-,-,-,-,262.0,,,T.N2-GUTE000,-,-,,-,0.0,UTE.GN.RO.028033-0.01,194,0,0,,,,,,,,,,,,,
279,TermoNorte II (vapor),6913,115,-,-,-,-,0,0,0,1,0,0,,,,,,-,-,-,-,RO,SE-CO,Gás Natural,,AC/RO,,0.0,0.334302325581395,0.0,7568,6913,1,T.N2-VUTE000,-,-,-,-,,-,-,-,-,-,-,-,-,-,-,263.0,,,T.N2-VUTE000,-,-,,-,0.0,UTE.GN.RO.028033-0.01,194,0,0,,,,,,,,,,,,,
280,Cuiabá (gás),4596,320,95,160,-80,80,0,0,0,1,0,0,,,,,,-,-,0,2,MT,SE-CO,Gás Natural,,Mato Grosso,,0.0,0.632411067193676,0.0,4593,4596,1,CBA-G-UTE000,-,-,2,-,,0,0,160,-,-,-,0,95,160,OK,264.0,,,CBA-G-UTE000,-80,80,,0,0.0,UTE.GN.MT.027003-2.01,12,0,0,,,,,,,,,,,,,
281,Cuiabá (vapor),4597,186,40,186,-93,93,0,0,0,1,0,0,,,,,,-,-,0,1,MT,SE-CO,Gás Natural,,Mato Grosso,,0.0,0.367588932806324,0.0,4593,4597,1,CBA-V-UTE000,-,-,1,-,,0,0,186,-,-,-,0,40,186,OK,265.0,,,CBA-V-UTE000,-93,93,,0,0.0,UTE.GN.MT.027003-2.01,12,0,0,,,,,,,,,,,,,
282,Igarapé,1500,131,-,-,-,-,,-,,,0,-,,,,,,-,-,-,-,MG,SE-CO,Óleo Diesel,,Minas Gerais,,0.0,0.392215568862275,0.0,-,-,-,-,-,-,-,-,,-,-,-,-,-,-,-,-,-,-,266.0,,,IGARAPUTE000,-,-,,-,0.0,UTE.PE.MG.001100-2.01,2,-,0,,,,,,,,,,,,,
283,Pampa Sul,998,350,140,350,-115,160,0,0,0,1.01,0,0,,,,,,-,-,0,1,RS,S,Carvão Mineral,,Rio Grande do Sul,,0.0,0.221238938053097,0.0,997,998,1,PAMPASUTE000,-,-,1,-,,0,0,350,-,-,-,0,140,350,OK,267.0,,,PAMPASUTE000,-115,160,0.0,0,0.0,,107,57.18,280,,,,,,,,,,,,,
284,Candiota 3,1173,350,175,350,-115,160,0,0,0,1.01,0,0,,,,,,-,-,0,1,RS,S,Carvão Mineral,,Rio Grande do Sul,,0.0,0.221238938053097,0.0,1174,1173,1,CANDI3UTE000,-,-,1,-,,0,0,350,-,-,-,0,175,350,OK,268.0,,,CANDI3UTE000,-115,160,30.0,0,0.0,,156,109.66,210,,,,,,,,,,,,,
285,Jlacerda 7,913,330,180,330,-61,164.5,0,0,0,0.974,0,0,,,,,,-,-,0,1,SC,S,Carvão Mineral,,Santa Catarina,,0.0,0.445945945945946,0.0,1011,913,1,JLA7C-UTE000,-,-,1,-,,0,0,330,-,-,-,0,180,330,OK,269.0,,,JLA7C-UTE000,-61,164.5,0.0,0,0.0,,24,325.27,330,,,,,,,,,,,,,
286,Jlacerda 5 e 6,911,220,80,110,-15.5,68.5,0,0,0,0.974,0,0,,,,,,-,-,0,2,SC,S,Carvão Mineral,,Santa Catarina,,0.0,0.297297297297297,0.0,1010,911,1,JLA56BUTE000,-,-,2,-,,0,0,110,-,-,-,0,80,110,OK,270.0,,,JLA56BUTE000,-15.5,68.5,0.0,0,0.0,,25,378.9,220,,,,,,,,,,,,,
287,Jlacerda 3 e 4,909,110,35,55,-21,24,0,0,0,0.969,0,0,,,,,,-,-,0,2,SC,S,Carvão Mineral,,Santa Catarina,,0.0,0.148648648648649,0.0,1006,909,1,JLA34AUTE000,-,-,2,-,,0,0,55,-,-,-,0,35,55,OK,271.0,,,JLA34AUTE000,-21,24,0.0,0,0.0,,27,387.75,110,,,,,,,,,,,,,
288,Jlacerda 1  e 2 ,907,80,35,40,-12,16,0,0,0,0.964,0,0,,,,,,-,-,0,2,SC,S,Carvão Mineral,,Santa Catarina,,0.0,0.108108108108108,0.0,1007,907,1,JLA12AUTE000,-,-,2,-,,0,0,40,-,-,-,0,35,40,OK,272.0,,,JLA12AUTE000,-12,16,0.0,0,0.0,,26,453.14,80,,,,,,,,,,,,,
289,Canoas (Sepé Tiaraju) (gás),1152,160,90,160,-75,105,0,0,0,0.997,0,0,,,,,,-,-,0,1,RS,S,Gás Natural,,Rio Grande do Sul,,0.0,0.101137800252845,0.0,1248,1152,1,CANO-GUTE000,-,-,1,-,,0,0,160,-,-,-,0,90,160,OK,273.0,,,CANO-GUTE000,-75,105,,0,0.0,,64,1111.14,0,,,,,,,,,,,,,
290,Canoas (Sepé Tiaraju) (vapor),1169,88,45,88,-28.5,54.8,0,0,0,0.997,0,0,,,,,,-,-,0,1,RS,S,Gás Natural,,Rio Grande do Sul,,0.0,0.0556257901390645,0.0,1248,1169,1,CANO-VUTE000,-,-,1,-,,0,0,88,-,-,-,0,45,88,OK,274.0,,,CANO-VUTE000,-28.5,54.8,,0,0.0,,64,1111.14,0,,,,,,,,,,,,,
291,Araucaria (gás),802,315,117,157.6,-80,105,0,0,0,0.986,0,0,,,,,,-,-,0,2,PR,S,Gás Natural,,Paraná,,0.0,0.650826446280992,0.0,813,802,1,ARAUCGUTE000,-,-,2,-,,0,0,157.6,-,-,-,0,117,157.6,OK,275.0,,,ARAUCGUTE000,-80,105,5.0,0,0.0,,48,0,0,,,,,,,,,,,,,
292,Araucaria (vapor),803,169,58.5,169,-72,109,0,0,0,0.986,0,0,,,,,,-,-,0,1,PR,S,Gás Natural,,Paraná,,0.0,0.349173553719008,0.0,813,803,1,ARAUCVUTE000,-,-,1,-,,0,0,169,-,-,-,0,58.5,169,OK,276.0,,,ARAUCVUTE000,-72,109,5.0,0,0.0,,48,0,0,,,,,,,,,,,,,
293,Uruguaiana (gás),1164,370,120,185,-80,80,0,0,0,1.01,0,0,,,,,,-,-,0,2,RS,S,Gás Natural,,Rio Grande do Sul,,0.0,0.233881163084703,0.0,1294,1164,1,URUG-GUTE000,-,-,2,-,,0,0,185,-,-,-,0,120,185,OK,277.0,,,URUG-GUTE000,-80,80,7.0,0,0.0,,35,0,0,,,,,,,,,,,,,
294,Uruguaiana (vapor),1165,264,60,264,-105,120,0,0,0,1.01,0,0,,,,,,-,-,0,1,RS,S,Gás Natural,,Rio Grande do Sul,,0.0,0.166877370417193,0.0,1294,1165,1,URUG-VUTE000,-,-,1,-,,0,0,264,-,-,-,0,60,264,OK,278.0,,,URUG-VUTE000,-105,120,,0,0.0,,35,0,0,,,,,,,,,,,,,
295,W.Arjona 1,927,42,,42,-12,41,0,0,0,0.995,0,0,,,,,,-,-,0,1,MS,S,Gás Natural,,Mato Grosso do Sul,,0.0,0.244186046511628,0.0,1890,927,1,WARJO1UTE000,-,-,1,-,,0,0,42,-,-,-,0,0,42,OK,279.0,,,WARJO1UTE001,-12,41,,0,0.0,,334,0,0,,,,,,,,,,,,,
296,W.Arjona 2,928,41,,41,-12,41,0,0,0,0.995,0,0,,,,,,-,-,0,1,MS,S,Gás Natural,,Mato Grosso do Sul,,0.0,0.238372093023256,0.0,1890,928,2,WARJO2UTE000,-,-,1,-,,0,0,41,-,-,-,0,0,41,OK,280.0,,,WARJO2UTE001,-12,41,,0,0.0,,334,0,0,,,,,,,,,,,,,
297,W.Arjona 3,929,31,,31,-6.5,31,0,0,0,0.995,0,0,,,,,,-,-,0,1,MS,S,Gás Natural,,Mato Grosso do Sul,,0.0,0.180232558139535,0.0,1890,929,3,WARJO3UTE000,-,-,1,-,,0,0,31,-,-,-,0,0,31,OK,281.0,,,WARJO3UTE001,-6.5,31,,0,0.0,,334,0,0,,,,,,,,,,,,,
298,W.Arjona 4,923,31,,31,-6.5,31,0,0,0,0.995,0,0,,,,,,-,-,0,1,MS,S,Gás Natural,,Mato Grosso do Sul,,0.0,0.180232558139535,0.0,1890,923,4,WARJO4UTE000,-,-,1,-,,0,0,31,-,-,-,0,0,31,OK,282.0,,,WARJO4UTE001,-6.5,31,,0,0.0,,334,0,0,,,,,,,,,,,,,
299,W.Arjona 5,924,27,,27,-10,27,0,0,0,0.995,0,0,,,,,,-,-,0,1,MS,S,Gás Natural,,Mato Grosso do Sul,,0.0,0.156976744186047,0.0,1890,924,5,WARJO5UTE000,-,-,1,-,,0,0,27,-,-,-,0,0,27,OK,283.0,,,WARJO5UTE001,-10,27,,0,0.0,,334,0,0,,,,,,,,,,,,,
300,Prosperidade III,45528,55,4.67,9.33,-3,6,0,0,0,1,0,0,,,,,,-,-,0,6,BA,NE,Gás Natural,,Bahia,,0.0,0.0766016713091922,0.0,5021,45528,1,PROSP3UTE000,-,-,6,-,,0,0,9.33,-,-,-,0,4.67,9.33,OK,284.0,,,PROSP3UTE000,-3,6,,0,0.0,UTE.GN.BA.033467-7.03,223,130.02,0,,,,,,,,,,,,,
301,Prosperidade II e IV,8421,46,4.67,9.36,-3,6,0,0,0,1,0,0,,,,,,-,-,0,5,BA,NE,Gás Natural,,Bahia,,0.0,0.064066852367688,0.0,5021,8421,1,PRP2E4UTE000,-,-,5,-,,0,0,9.36,-,-,-,0,4.67,9.36,OK,285.0,,,PRP2E4UTE000,-3,6,,0,0.0,,241,140.65,0,,,,,,,,,,,,,
302,Prosperidade I,6104,28,4.67,9.34,-2.5,6,0,0,0,1,0,0,,,,,,-,-,0,3,BA,NE,Gás Natural,,Bahia,,0.0,0.0389972144846797,0.0,5021,6104,1,PROSP-UTE000,-,-,3,-,,0,0,9.34,-,-,-,0,4.67,9.34,OK,286.0,,,PROSP-UTE000,-2.5,6,,0,0.0,,147,204.55,0,,,,,,,,,,,,,
303,Porto de Sergipe (gás),5700,999,170,333,-160,160,0,0,0,1.02,0,0,,,,,,-,-,0,3,SE,NE,Gás Natural,,Sergipe,,0.0,0.659841479524439,0.0,5725,5700,1,PSE-G-UTE000,-,-,3,-,,0,0,333,-,-,-,0,170,333,OK,287.0,,,PSE-G-UTE000,-160,160,,0,0.0,,224,216.15,0,,,,,,,,,,,,,
304,Porto de Sergipe (vapor),5800,515,260,515,-250,250,0,0,0,1.02,0,0,,,,,,-,-,0,1,SE,NE,Gás Natural,,Sergipe,,0.0,0.340158520475561,0.0,5725,5800,1,PSE-V-UTE000,-,-,1,-,,0,0,515,-,-,-,0,260,515,OK,288.0,,,PSE-V-UTE000,-250,250,,0,0.0,,224,216.15,0,,,,,,,,,,,,,
305,Termopernambuco (gás),5151,342,67,171,-82,112,0,0,0,0.988,0,0,,,,,,-,-,0,2,PE,NE,Gás Natural,,Pernambuco,,0.0,0.214689265536723,0.0,5150,5151,1,TERPEGUTE000,-,-,2,-,,0,0,171,-,-,-,0,67,171,OK,289.0,,,TERPEGUTE000,-82,112,,0,0.0,UTE.GN.PE.028031-3.01,96,234.1,0,,,,,,,,,,,,,
306,Termopernambuco (vapor),5154,208,53,208,-116,162,0,0,0,0.988,0,0,,,,,,-,-,0,1,PE,NE,Gás Natural,,Pernambuco,,0.0,0.130571249215317,0.0,5150,5154,1,TERPEVUTE000,-,-,1,-,,0,0,208,-,-,-,0,53,208,OK,290.0,,,TERPEVUTE000,-116,162,,0,0.0,UTE.GN.PE.028031-3.01,96,234.1,0,,,,,,,,,,,,,
307,Porto Pecém I,5658,720,240,360,-125,210,0,0,0,1,0,0,,,,,,-,-,0,2,CE,NE,Carvão Mineral,,Ceará,,0.0,0.492476060191518,0.0,5658,5656,1,PPECEMUTE000,-,-,2,-,,0,0,360,-,-,-,0,240,360,OK,291.0,,,PPECEMUTE000,-125,210,,0,0.0,,167,342.96,0,,,,,,,,,,,,,
308,Porto Pecém II,5659,360,240,360,-125,210,0,0,0,1,0,0,,,,,,-,-,0,1,CE,NE,Carvão Mineral,,Ceará,,0.0,0.246238030095759,0.0,5656,5659,1,PPD---UTE000,-,-,1,-,,0,0,360,-,-,-,0,240,360,OK,292.0,,,PPD---UTE000,-125,210,,0,0.0,,163,349.46,0,,,,,,,,,,,,,
309,Termobahia G1 (Celso Furtado),5827,197,100,197,-69.6,195.1,0,0,0,0.997,0,0,,,,,,-,-,0,1,BA,NE,Gás Natural,,Bahia,,0.0,0.274373259052925,0.0,5821,5827,1,CFURTAUTE000,-,-,1,-,,0,0,197,-,-,-,0,100,197,OK,293.0,,,CFURTAUTE000,-69.6,195.1,,0,0.0,,43,425.98,0,,,,,,,,,,,,,
310,Vale do Açú (Jesus Soares Pereira),5466,324,110,162,-50,107,0,0,0,1,0,0,,,,,,-,-,0,2,RN,NE,Gás Natural,,Rio Grande do Norte,,0.0,0.769596199524941,0.0,5462,5466,1,UJSP--UTE000,-,-,2,-,,0,0,162,-,-,-,0,110,162,OK,294.0,,,UJSP--UTE000,-50,107,,0,0.0,,83,450.86,0,,,,,,,,,,,,,
311,Portocém I,44929,1572,,393,-135,225,,-,,,0,-,,,,,,-,-,0,4,CE,NE,Gás Natural,,Ceará,,0.0,1.07523939808482,0.0,-,-,-,-,-,-,4,-,,0,0,393,-,-,-,0,0,393,OK,295.0,,,PORTOCUTE000,-135,225,,0,0.0,UTE.GN.CE.037748-1.01,259,491.14,0,,,,,,,,,,,,,
312,Termoceará (gás) (Sen. Carlos Jereissati),5660,220,30,55,-25,38,0,0,0,0.988,0,0,,,,,,-,-,0,4,CE,NE,Gás Natural,,Ceará,,0.0,0.150478796169631,0.0,5651,5660,1,TERMOCUTE000,-,-,4,-,,0,0,55,-,-,-,0,30,55,OK,296.0,,,TERMOCUTE000,-25,38,,0,0.0,UTE.GN.CE.028358-4,58,561.62,0,,,,,,,,,,,,,
313,Pernambuco III,5178,200,1.1,8.73,-3.82,6.55,0,0,0,1.01,0,0,,,,,,-,-,0,23,PE,NE,Óleo Diesel,,Pernambuco,,0.0,0.125549278091651,0.0,5184,5178,1,PEIII-UTE000,-,-,23,-,,0,0,8.73,-,-,-,0,1.1,8.73,OK,297.0,,,PEIII-UTE000,-3.82,6.55,,0,0.0,,98,879.04,0,,,,,,,,,,,,,
314,Maracanaú,5460,162,16.3,20.3,-9.8,9.8,0,0,0,1,0,0,,,,,,-,-,0,8,CE,NE,Óleo Diesel,,Ceará,,0.0,0.110807113543092,0.0,5453,5460,1,MRU---UTE000,-,-,8,-,,0,0,20.3,-,-,-,0,16.3,20.3,OK,298.0,,,MRU---UTE000,-9.8,9.8,,0,0.0,,57,993.39,0,,,,,,,,,,,,,
315,Termocabo,5134,48,,16,-8,14,0,0,0,1,0,0,,,,,,-,-,0,3,PE,NE,Óleo Diesel,,Pernambuco,,0.0,0.0301318267419962,0.0,5133,5134,1,TCB---UTE000,-,-,3,-,,0,0,16,-,-,-,0,0,16,OK,299.0,,,TCB---UTE000,-8,14,,0,0.0,,152,1010.92,0,,,,,,,,,,,,,
316,Termonordeste,5219,170,5.68,8.54,-6.4,6.4,0,0,0,1,0,0,,,,,,-,-,0,20,PB,NE,Óleo Diesel,,Paraíba,,0.0,0.333988212180747,0.0,5219,44109,1,UTENE-UTE000,-,-,20,-,,0,0,8.54,-,-,-,0,5.68,8.54,OK,300.0,,,UTENE-UTE000,-6.4,6.4,,0,0.0,,67,1016.09,0,,,,,,,,,,,,,
317,Termoparaíba,5218,170,5.68,8.54,-6.4,6.4,0,0,0,1,0,0,,,,,,-,-,0,20,PB,NE,Óleo Diesel,,Paraíba,,0.0,0.333988212180747,0.0,5218,44108,1,UTEPB-UTE000,-,-,20,-,,0,0,8.54,-,-,-,0,5.68,8.54,OK,301.0,,,UTEPB-UTE000,-6.4,6.4,,0,0.0,,69,1016.09,0,,,,,,,,,,,,,
318,Campina Grande,5220,169,4.732,8.45,-6.3,6.3,0,0,0,1,0,0,,,,,,-,-,0,20,PB,NE,Óleo Diesel,,Paraíba,,0.0,0.332023575638507,0.0,5220,44110,1,CGRAN-UTE000,-,-,20,-,,0,0,8.45,-,-,-,0,4.732,8.45,OK,302.0,,,CGRAN-UTE000,-6.3,6.3,,0,0.0,,52,1023.41,0,,,,,,,,,,,,,
319,Suape II,6021,67,22.379,22.4,-7,16.8,0,0,0,0.985,0,0,,,,,,-,-,0,3,PE,NE,Óleo Diesel,,Pernambuco,,0.0,0.0420590081607031,0.0,6027,6021,1,SUP1--UTE000,-,-,3,-,,0,0,22.4,-,-,-,0,22.379,22.4,OK,303.0,,,SUP1--UTE000,-7,16.8,,0,0.0,,170,1041.43,0,,,,,,,,,,,,,
320,Suape II,6022,67,22.379,22.4,-7,16.8,0,0,0,0.985,0,0,,,,,,-,-,0,3,PE,NE,Óleo Diesel,,Pernambuco,,0.0,0.0420590081607031,0.0,6027,6022,1,SUP2--UTE000,-,-,3,-,,0,0,22.4,-,-,-,0,22.379,22.4,OK,304.0,,,SUP2--UTE000,-7,16.8,,0,0.0,,170,1041.43,0,,,,,,,,,,,,,
321,Suape II,6023,67,22.379,22.4,-7,16.8,0,0,0,0.985,0,0,,,,,,-,-,0,3,PE,NE,Óleo Diesel,,Pernambuco,,0.0,0.0420590081607031,0.0,6028,6023,1,SUP3--UTE000,-,-,3,-,,0,0,22.4,-,-,-,0,22.379,22.4,OK,305.0,,,SUP3--UTE000,-7,16.8,,0,0.0,,170,1041.43,0,,,,,,,,,,,,,
322,Suape II,6024,67,22.379,22.4,-7,16.8,0,0,0,0.985,0,0,,,,,,-,-,0,3,PE,NE,Óleo Diesel,,Pernambuco,,0.0,0.0420590081607031,0.0,6028,6024,1,SUP4--UTE000,-,-,3,-,,0,0,22.4,-,-,-,0,22.379,22.4,OK,306.0,,,SUP4--UTE000,-7,16.8,,0,0.0,,170,1041.43,0,,,,,,,,,,,,,
323,Suape II,6025,67,22.379,22.4,-7,16.8,0,0,0,0.985,0,0,,,,,,-,-,0,3,PE,NE,Óleo Diesel,,Pernambuco,,0.0,0.0420590081607031,0.0,6029,6025,1,SUP5--UTE000,-,-,3,-,,0,0,22.4,-,-,-,0,22.379,22.4,OK,307.0,,,SUP5--UTE000,-7,16.8,,0,0.0,,170,1041.43,0,,,,,,,,,,,,,
324,Suape II,6026,44,22.379,22.4,-7,16.8,0,0,0,0.985,0,0,,,,,,-,-,0,2,PE,NE,Óleo Diesel,,Pernambuco,,0.0,0.0276208411801632,0.0,6029,6026,1,SUP6--UTE000,-,-,2,-,,0,0,22.4,-,-,-,0,22.379,22.4,OK,308.0,,,SUP6--UTE000,-7,16.8,,0,0.0,,170,1041.43,0,,,,,,,,,,,,,
325,Global I,5820,136,1.736,2.48,-1.2,1.2,0,0,0,0.998,0,0,,,,,,-,-,0,55,BA,NE,Óleo Diesel,,Bahia,,0.0,0.18941504178273,0.0,5819,5820,1,GLOBA1UTE000,-,-,55,-,,0,0,2.48,-,-,-,0,1.736,2.48,OK,309.0,,,GLOBA1UTE000,-1.2,1.2,,0,0.0,,53,1160.04,0,,,,,,,,,,,,,
326,Global II,5823,136,1.736,2.48,-1.2,1.2,0,0,0,0.998,0,0,,,,,,-,-,0,55,BA,NE,Óleo Diesel,,Bahia,,0.0,0.18941504178273,0.0,5819,5823,1,GLOBA2UTE000,-,-,55,-,,0,0,2.48,-,-,-,0,1.736,2.48,OK,310.0,,,GLOBA2UTE000,-1.2,1.2,,0,0.0,,55,1160.04,0,,,,,,,,,,,,,
327,Camaçari Muricy II,46601,144,-,-,-,-,0,0,0,1.01,0,0,,,,,,-,-,-,-,PE,NE,Óleo Diesel,,Pernambuco,,0.0,0.0903954802259887,0.0,46600,46601,1,CAMAMYUTE000,-,-,-,-,,-,-,-,-,-,-,-,-,-,-,311.0,,,CAMAMYUTE000,-,-,,-,0.0,UTE.PE.PE.031304-1.01,,2900,0,,,,,,,,,,,,,
328,Pecém II,46603,144,-,-,-,-,0,0,0,1.01,0,0,,,,,,-,-,-,-,PE,NE,Óleo Diesel,,Pernambuco,,0.0,0.0903954802259887,0.0,46602,46603,1,UTEPCDUTE000,-,-,-,-,,-,-,-,-,-,-,-,-,-,-,312.0,,,UTEPCDUTE000,-,-,,-,0.0,UTE.PE.PE.031303-3.02,,2900,0,,,,,,,,,,,,,
329,Petrolina,6314,128,-,-,-,-,0,0,0,1,0,0,,,,,,-,-,-,-,PE,NE,Óleo Diesel,,Pernambuco,,0.0,0.0803515379786566,0.0,6313,6314,1,PET---UTE000,-,-,-,-,,-,-,-,-,-,-,-,-,-,-,313.0,,,PET---UTE000,-,-,,-,0.0,,144,0,0,,,,,,,,,,,,,
330,Potiguar III,5242,50,10,16.99,-17.4,17.4,0,0,0,0.999,0,0,,,,,,-,-,0,3,RN,NE,Óleo Diesel,,Rio Grande do Norte,,0.0,0.118764845605701,0.0,5258,5242,1,POT3--UTE000,-,-,3,-,,0,0,16.99,-,-,-,0,10,16.99,OK,314.0,,,POT3--UTE000,-17.4,17.4,,0,0.0,,161,0,0,,,,,,,,,,,,,
331,Potiguar ,5240,47,10,23.83,-18.6,18.6,0,0,0,0.999,0,0,,,,,,-,-,0,2,RN,NE,Óleo Diesel,,Rio Grande do Norte,,0.0,0.111638954869359,0.0,5258,5240,1,POT1--UTE000,-,-,2,-,,0,0,23.83,-,-,-,0,10,23.83,OK,315.0,,,POT1--UTE000,-18.6,18.6,,0,0.0,,151,0,0,,,,,,,,,,,,,
332,Parnaíba V,8159,372,100,372.1,-120,200,0,0,0,1.02,0,0,,,,,,-,-,0,1,MA,N,Gás Natural,,Maranhão,,0.0,0.14519906323185,0.0,5649,8159,1,PRN5ANUTE000,-,-,1,-,,0,0,372.1,-,-,-,0,100,372.1,OK,317.0,,,PRN5ANUTE000,-120,200,,0,0.0,,239,104.85,0,,,,,,,,,,,,,
333,Maranhão III (gás),5646,337,130,168.8,-90.5,73,0,0,0,1.07,0,0,,,,,,-,-,0,2,MA,N,Gás Natural,,Maranhão,,0.0,0.131537861046058,0.0,5649,5646,1,MAR3-GUTE000,-,-,2,-,,0,0,168.8,-,-,-,0,130,168.8,OK,318.0,,,MAR3-GUTE000,-90.5,73,,0,0.0,,212,105.87,320,,,,,,,,,,,,,
334,Maranhão III (vapor),5815,173,140,173.2,-109.6,64.9,0,0,0,1.07,0,0,,,,,,-,-,0,1,MA,N,Gás Natural,,Maranhão,,0.0,0.0675253708040593,0.0,5815,5649,1,MAR3-VUTE000,-,-,1,-,,0,0,173.2,-,-,-,0,140,173.2,OK,319.0,,,MAR3-VUTE000,-109.6,64.9,,0,0.0,,212,105.87,160,,,,,,,,,,,,,
335,Maranhão IV,5647,337,100,168.8,-47,109,0,0,0,1.07,0,0,,,,,,-,-,0,2,MA,N,Gás Natural,,Maranhão,,0.0,0.131537861046058,0.0,5649,5647,1,MARIV-UTE000,-,-,2,-,,0,0,168.8,-,-,-,0,100,168.8,OK,320.0,,,MARIV-UTE000,-47,109,,0,0.0,,36,146.67,0,,,,,,,,,,,,,
336,Maranhão V,5648,337,100,168.8,-47,109,0,0,0,1.07,0,0,,,,,,-,-,0,2,MA,N,Gás Natural,,Maranhão,,0.0,0.131537861046058,0.0,5649,5648,1,MARV--UTE000,-,-,2,-,,0,0,168.8,-,-,-,0,100,168.8,OK,321.0,,,MARV--UTE000,-47,109,,0,0.0,,21,146.67,0,,,,,,,,,,,,,
337,Parnaíba IV,5642,56,17,18.76,-6.1,9,0,0,0,1.06,0,0,,,,,,-,-,0,3,MA,N,Gás Natural,,Maranhão,,0.0,0.0218579234972678,0.0,5649,5642,1,PARNIVUTE000,-,-,3,-,,0,0,18.76,-,-,-,0,17,18.76,OK,322.0,,,PARNIVUTE000,-6.1,9,,0,0.0,,116,151.69,0,,,,,,,,,,,,,
338,Novo Tempo Barcarena,8423,631,210,631,-150,360,,-,,,0,-,,,,,,-,-,0,1,PA,N,Gás Natural,,Pará,,0.0,0.0,0.0,-,-,-,-,-,-,1,-,,0,0,631,-,-,-,0,210,631,OK,323.0,,,NTBARCUTE000,-150,360,,0,0.0,,240,154.47,580,,,,,,,,,,,,,
339,Nova Venécia 2,5650,168,100,168.8,-47,109,0,0,0,1.07,0,0,,,,,,-,-,0,1,MA,N,Óleo Diesel,,Maranhão,,0.0,0.0655737704918033,0.0,5649,5650,1,NVNC2-UTE000,-,-,1,-,,0,0,168.8,-,-,-,0,100,168.8,OK,324.0,,,NVNC2-UTE000,-47,109,,0,0.0,UTE.GN.MA.030196-5.01,46,286.88,0,,,,,,,,,,,,,
340,Nova Venécia 2 (UG03),47517,92,58.1,92.3,-31.5,55.8,0,0,0,1.02,0,0,,,,,,-,-,0,1,MA,N,Óleo Diesel,,Maranhão,,0.0,0.0359094457455113,0.0,5649,47517,1,NV2G3-UTE000,-,-,1,-,,0,0,92.3,-,-,-,0,58.1,92.3,OK,325.0,,,NV2G3-UTE000,-31.5,55.8,,0,0.0,UTE.GN.MA.030196-5.01,46,286.88,0,,,,,,,,,,,,,
341,Porto Itaqui,5609,360,240,360,-125,210,0,0,0,0.983,0,0,,,,,,-,-,0,1,MA,N,Carvão Mineral,,Maranhão,,0.0,0.140515222482436,0.0,5610,5609,1,PITAQUUTE000,-,-,1,-,,0,0,360,-,-,-,0,240,360,OK,326.0,,,PITAQUUTE000,-125,210,,0,0.0,,176,341.76,0,,,,,,,,,,,,,
342,Azulão,44931,360,,360,-135,225,,-,,,0,-,,,,,,-,-,0,1,AM,N,Gás Natural,,Amazonas,,0.0,0.273764258555133,0.0,-,-,-,-,-,-,1,-,,0,0,360,-,-,-,0,0,360,OK,327.0,,,AZULAOUTE000,-135,225,,0,0.0,UTE.GN.AM.035071-0.01,260,559.53,0,,,,,,,,,,,,,
343,Azulão II,45916,360,,360,-135,225,,-,,,0,-,,,,,,-,-,0,1,AM,N,Gás Natural,,Amazonas,,0.0,0.273764258555133,0.0,-,-,-,-,-,-,1,-,,0,0,360,-,-,-,0,0,360,OK,328.0,,,AZULIIUTE000,-135,225,,0,0.0,UTE.GN.AM.066966-0.01,,559.53,0,,,,,,,,,,,,,
344,Azulão IV,45917,230,,230,-95,158,,-,,,0,-,,,,,,-,-,0,1,AM,N,Gás Natural,,Amazonas,,0.0,0.174904942965779,0.0,-,-,-,-,-,-,1,-,,0,0,230,-,-,-,0,0,230,OK,329.0,,,AZULIVUTE000,-95,158,,0,0.0,UTE.GN.AM.066967-9.01,,559.53,0,,,,,,,,,,,,,
345,Manaus I,45918,155,,51.84,-22.5,37.5,,-,,,0,-,,,,,,-,-,0,3,AM,N,Gás Natural,,Amazonas,,0.0,0.11787072243346,0.0,-,-,-,-,-,-,3,-,,0,0,51.84,-,-,-,0,0,51.84,OK,330.0,,,MANAUSUTE000,-22.5,37.5,,0,0.0,UTE.GN.AM.035316-7.01,,559.53,0,,,,,,,,,,,,,
346,Geramar I (Tocantinópolis),5557,87,,8.73,-3.82,6.55,0,0,0,1.01,0,0,,,,,,-,-,0,10,MA,N,Óleo Diesel,,Maranhão,,0.0,0.0339578454332553,0.0,5556,5557,1,TOC.I1UTE000,-,-,10,-,,0,0,8.73,-,-,-,0,0,8.73,OK,331.0,,,TOC.I1UTE000,-3.82,6.55,,0,0.0,,73,1023.37,0,,,,,,,,,,,,,
347,Geramar I (Tocantinópolis),5558,78,,8.73,-3.82,6.55,0,0,0,1.01,0,0,,,,,,-,-,0,9,MA,N,Óleo Diesel,,Maranhão,,0.0,0.0304449648711944,0.0,5556,5558,1,TOC.I2UTE000,-,-,9,-,,0,0,8.73,-,-,-,0,0,8.73,OK,332.0,,,TOC.I2UTE000,-3.82,6.55,,0,0.0,,73,1023.37,0,,,,,,,,,,,,,
348,Geramar II(Nova Olinda),6447,87,,8.73,-3.82,6.55,0,0,0,1.01,0,0,,,,,,-,-,0,10,MA,N,Óleo Diesel,,Maranhão,,0.0,0.0339578454332553,0.0,5556,6447,1,NOLI1-UTE000,-,-,10,-,,0,0,8.73,-,-,-,0,0,8.73,OK,333.0,,,NOLI1-UTE000,-3.82,6.55,,0,0.0,,70,1023.37,0,,,,,,,,,,,,,
349,Geramar II (Nova Olinda),6448,78,,8.73,-3.82,6.55,0,0,0,1.01,0,0,,,,,,-,-,0,9,MA,N,Óleo Diesel,,Maranhão,,0.0,0.0304449648711944,0.0,5556,6448,1,NOLI2-UTE000,-,-,9,-,,0,0,8.73,-,-,-,0,0,8.73,OK,334.0,,,NOLI2-UTE000,-3.82,6.55,,0,0.0,,70,1023.37,0,,,,,,,,,,,,,
350,Mauá 3 (Vapor),8538,208,50,208,-82,131,0,0,0,0.979,0,0,,,,,,-,-,0,1,AM,N,Gás Natural,,Amazonas,,0.0,0.158174904942966,0.0,8531,8538,1,MAUAG2UTE000,-,-,1,-,,0,0,208,-,-,-,0,50,208,OK,336.0,,,MAUAG2UTE000,-82,131,,0,0.0,,140,74.4,88,,,,,,,,,,,,,
351,Mauá B3,8595,130,-,-,-,-,,-,,,0,-,,,,,,-,-,-,-,AM,N,Gás Natural,,Amazonas,,0.0,0.0988593155893536,0.0,-,-,-,-,-,-,-,-,,-,-,-,-,-,-,-,-,-,-,346.0,,,MAUABLUTE000,-,-,,-,0.0,,206,-,0,,,,,,,,,,,,,
352,Mauá B4,8592,94,-,-,-,-,,-,,,0,-,,,,,,-,-,-,-,AM,N,Óleo Diesel,,Amazonas,,0.0,0.0714828897338403,0.0,-,-,-,-,-,-,-,-,,-,-,-,-,-,-,-,-,-,-,347.0,,,MUBL4DUTE000,-,-,,-,0.0,,141,-,0,,,,,,,,,,,,,
353,Mauá B4,8594,63,-,-,-,-,,-,,,0,-,,,,,,-,-,-,-,AM,N,Óleo Diesel,,Amazonas,,0.0,0.0479087452471483,0.0,-,-,-,-,-,-,-,-,,-,-,-,-,-,-,-,-,-,-,348.0,,,MUBL4MUTE000,-,-,,-,0.0,,141,-,0,,,,,,,,,,,,,
354,Santana W,8235,60,-,-,-,-,,-,,,0,-,,,,,,-,-,-,-,AP,N,Óleo Diesel,,Amapá,,0.0,0.0,0.0,-,-,-,-,-,-,-,-,,-,-,-,-,-,-,-,-,-,-,352.0,,,SANT1-UTE000,-,-,,-,0.0,,-,-,-,,,,,,,,,,,,,
355,Santana LM,8236,45,-,-,-,-,,-,,,0,-,,,,,,-,-,-,-,AP,N,Óleo Diesel,,Amapá,,0.0,0.0,0.0,-,-,-,-,-,-,-,-,,-,-,-,-,-,-,-,-,-,-,353.0,,,SANT2-UTE000,-,-,,-,0.0,,-,-,-,,,,,,,,,,,,,
356,Jaguatirica II (Gás),8874,48,24.32,48.65,-16.6,36.48,,-,,,0,-,,,,,,-,-,0,1,RR,SISOL,Gás Natural,,Roraima,,0.0,0.0,0.0,-,-,-,-,-,-,1,-,,0,0,48.65,-,-,-,0,24.32,48.65,OK,354.0,,,JAGGA-UTE000,-16.6,36.48,,0,0.0,,326,224.26,0,,,,,,,,,,,,,
357,Jaguatirica II (Gás),8875,48,24.32,48.65,-16.6,36.48,,-,,,0,-,,,,,,-,-,0,1,RR,SISOL,Gás Natural,,Roraima,,0.0,0.0,0.0,-,-,-,-,-,-,1,-,,0,0,48.65,-,-,-,0,24.32,48.65,OK,355.0,,,JAGGB-UTE000,-16.6,36.48,,0,0.0,,326,224.26,0,,,,,,,,,,,,,
358,Jaguatirica II (Vapor),8876,44,20.86,44.1,-14.5,28.02,,-,,,0,-,,,,,,-,-,0,1,RR,SISOL,Gás Natural,,Roraima,,0.0,0.0,0.0,-,-,-,-,-,-,1,-,,0,0,44.1,-,-,-,0,20.86,44.1,OK,356.0,,,JAG.V-UTE000,-14.5,28.02,,0,0.0,,326,224.26,0,,,,,,,,,,,,,
359,Bonfim,8865,10,,10,-3.75,3.5,,-,,,0,-,,,,,,-,-,0,1,RR,SISOL,Biomassa,,Roraima,,0.0,0.0,0.0,-,-,-,-,-,-,1,-,,0,0,10,-,-,-,0,0,10,OK,357.0,,,BONFI-UTE000,-3.75,3.5,,0,0.0,,323,479.92,4,,,,,,,,,,,,,
360,Cantá,8866,10,,10,-3.75,3.5,,-,,,0,-,,,,,,-,-,0,1,RR,SISOL,Biomassa,,Roraima,,0.0,0.0,0.0,-,-,-,-,-,-,1,-,,0,0,10,-,-,-,0,0,10,OK,358.0,,,CANTA-UTE000,-3.75,3.5,,0,0.0,,324,479.92,4,,,,,,,,,,,,,
361,Pau Rainha,8872,10,,10,-3.75,3.5,,-,,,0,-,,,,,,-,-,0,1,RR,SISOL,Biomassa,,Roraima,,0.0,0.0,0.0,-,-,-,-,-,-,1,-,,0,0,10,-,-,-,0,0,10,OK,359.0,,,P.RAI-UTE000,-3.75,3.5,,0,0.0,,329,479.92,4,,,,,,,,,,,,,
362,Santa Luz,8873,10,,10,-3.75,3.5,,-,,,0,-,,,,,,-,-,0,1,RR,SISOL,Biomassa,,Roraima,,0.0,0.0,0.0,-,-,-,-,-,-,1,-,,0,0,10,-,-,-,0,0,10,OK,360.0,,,STALU-UTE000,-3.75,3.5,,0,0.0,,330,479.92,4,,,,,,,,,,,,,
363,Baliza 1,8870,9,4.9,9.8,-3.37,7.28,,-,,,0,-,,,,,,-,-,0,1,RR,SISOL,Biomassa,,Roraima,,0.0,0.0,0.0,-,-,-,-,-,-,1,-,,0,0,9.8,-,-,-,0,4.9,9.8,OK,361.0,,,BALZ1-UTE000,-3.37,7.28,,0,0.0,,322,610.38,6,,,,,,,,,,,,,
364,Baliza 2,8871,8,1.7,8.14,-3.04,6.9,,-,,,0,-,,,,,,-,-,0,1,RR,SISOL,Biomassa,,Roraima,,0.0,0.0,0.0,-,-,-,-,-,-,1,-,,0,0,8.14,-,-,-,0,1.7,8.14,OK,362.0,,,BALZ2-UTE000,-3.04,6.9,,0,0.0,,322,610.38,0,,,,,,,,,,,,,
365,Palmaplan,8869,11,2.31,5.78,-2.27,4.33,,-,,,0,-,,,,,,-,-,0,2,RR,SISOL,Biocombustível,,Roraima,,0.0,0.0,0.0,-,-,-,-,-,-,2,-,,0,0,5.78,-,-,-,0,2.31,5.78,OK,363.0,,,PALMA-UTE000,-2.27,4.33,,0,0.0,,328,637.93,0,,,,,,,,,,,,,
366,Forte de São Joaquim,8877,64,,16,-8,14,,-,,,0,-,,,,,,-,-,0,4,RR,SISOL,Biomassa,,Roraima,,0.0,0.0,0.0,-,-,-,-,-,-,4,-,,0,0,16,-,-,-,0,0,16,OK,364.0,,,S.JOA-UTE000,-8,14,,0,0.0,,325,758.41,25,,,,,,,,,,,,,
367,Monte Cristo Sucuba 1,8867,22,0.786,3.25,-0.4,3.5,,-,,,0,-,,,,,,-,-,0,7,RR,SISOL,Óleo Diesel,,Roraima,,0.0,0.0,0.0,-,-,-,-,-,-,7,-,,0,0,3.25,-,-,-,0,0.786,3.25,OK,365.0,,,MCSU1-UTE000,-0.4,3.5,,0,0.0,,327,1008.36,0,,,,,,,,,,,,,
368,Monte Cristo Sucuba 2,8868,19,0.786,3.25,-0.4,3.5,,-,,,0,-,,,,,,-,-,0,6,RR,SISOL,Óleo Diesel,,Roraima,,0.0,0.0,0.0,-,-,-,-,-,-,6,-,,0,0,3.25,-,-,-,0,0.786,3.25,OK,366.0,,,MCSU2-UTE000,-0.4,3.5,,0,0.0,,327,1008.36,0,,,,,,,,,,,,,
369,Monte Cristo,8835,143,,3.25,-0.7,1.6,,-,,,0,-,,,,,,-,-,0,44,RR,SISOL,Óleo Diesel,,Roraima,,0.0,0.0,0.0,-,-,-,-,-,-,44,-,,0,0,3.25,-,-,-,0,0,3.25,OK,367.0,,,MCRISTUTE000,-0.7,1.6,,0,0.0,,-,-,-,,,,,,,,,,,,,
370,Monte Cristo II,8833,29,,1.048,-0.2,0.9,,-,,,0,-,,,,,,-,-,0,28,RR,SISOL,Óleo Diesel,,Roraima,,0.0,0.0,0.0,-,-,-,-,-,-,28,-,,0,0,1.048,-,-,-,0,0,1.048,OK,368.0,,,MCR-IIUTE000,-0.2,0.9,,0,0.0,,-,-,-,,,,,,,,,,,,,
371,Novo Paraíso,8812,20,,1.825,-0.5,1.6,,-,,,0,-,,,,,,-,-,0,11,RR,SISOL,Óleo Diesel,,Roraima,,0.0,0.0,0.0,-,-,-,-,-,-,11,-,,0,0,1.825,-,-,-,0,0,1.825,OK,369.0,,,NPARA-UTE000,-0.5,1.6,,0,0.0,,-,-,-,,,,,,,,,,,,,
372,Distrito,8823,47,,1.45,-0.4,1.3,,-,,,0,-,,,,,,-,-,0,33,RR,SISOL,Óleo Diesel,,Roraima,,0.0,0.0,0.0,-,-,-,-,-,-,33,-,,0,0,1.45,-,-,-,0,0,1.45,OK,370.0,,,DIST--UTE000,-0.4,1.3,,0,0.0,,-,-,-,,,,,,,,,,,,,
373,Floresta,8830,46,,1.45,-0.4,1.3,,-,,,0,-,,,,,,-,-,0,32,RR,SISOL,Óleo Diesel,,Roraima,,0.0,0.0,0.0,-,-,-,-,-,-,32,-,,0,0,1.45,-,-,-,0,0,1.45,OK,371.0,,,FLORE-UTE000,-0.4,1.3,,0,0.0,,-,-,-,,,,,,,,,,,,,
374,,FIM,,,,,,,,,,,,,,,,,,,,,,,,,,1,,,,,,,,,,,,,,,,,,,,,,,,,,,,,,,,,,,,,,,,,,,,,,,,
375,,,,,,,,,,,,,,,,,,,,,,,,,,,,,,,,,,,,,,,,,,,,,,,,,,,,,,,,,,,,,,,,,,,,,,,,,,,,
376,SUBTOTAL,,136705,,,,,67381,0.492893456713361,,,69845,0.510917669434183,,,,,,,,,,,,,,,,,,,,,,,,,,,,,,,,,,,,,,,,,,,,,,,,,,,,,,,,,,,,,,,
377,Bacias / Rios,,Potência Nominal (MW),Despacho Atual,,Despacho Novo,,RPO ,,,,,,,,,,,,,,,,,,,,,,,,,,,,,,,,,,,,,,,,,,,,,,,,,,,,,,,,,,,,,,,,,,,,
378,,,,MW,%,MW,%,,,,,,,,,,,,,,,,,,,,,,,,,,,,,,,,,,,,,,,,,,,,,,,,,,,,,,,,,,,,,,,,,,,,,
379,Bacia do Grande,,7460,5559,0.745174262734584,5559,0.745174262734584,628.9,,,,,,,,,,,,,,,,,,,,,,,,,,,,,,,,,,,,,,,,,,,,,,,,,,,,,,,,,,,,,,,,,,,,
380,Bacia do Paranaíba,,8502,6091,0.71641966596095,6091,0.71641966596095,1176.85,,,,Pot.Instal SWING,,,,,,,,,,,,,,,,,,,,,,,,,,,,,,,,,,,,,,,,,,,,,,,,,,,,,,,,,,,,,,,,
381,Bacia do Paraná,,6568,2060,0.313641900121803,2060,0.313641900121803,190.8,,,,3430,,,,,,,,,,,,,,,,,,,,,,,,,,,,,,,,,,,,,,,,,,,,,,,,,,,,,,,,,,,,,,,,
382,Bacia do Paraná - Itaipu,,14700,7568,0.514829931972789,7568,0.514829931972789,100,,,,Desp Atual SWING,,,,,,,,,,,,,,,,,,,,,,,,,,,,,,,,,,,,,,,,,,,,,,,,,,,,,,,,,,,,,,,,
383,Bacia do Paranapanema,,2733,1225,0.448225393340651,1250,0.457372850347603,378.86,,,,2731,,,,,,,,,,,,,,,,,,,,,,,,,,,,,,,,,,,,,,,,,,,,,,,,,,,,,,,,,,,,,,,,
384,Bacia do Paraguai,,668,514,0.769461077844311,514,0.769461077844311,61.1,,,,SWING após Redespacho,,,,,,,,,,,,,,,,,,,,,,,,,,,,,,,,,,,,,,,,,,,,,,,,,,,,,,,,,,,,,,,,
385,Bacia do Tietê,,1809,1367,0.755666113875069,1378,0.761746821448314,272.5,,,,267,,,,,,,,,,,,,,,,,,,,,,,,,,,,,,,,,,,,,,,,,,,,,,,,,,,,,,,,,,,,,,,,
386,Rio Cubatão,,868,695,0.800691244239631,695,0.800691244239631,173,,,,,,,,,,,,,,,,,,,,,,,,,,,,,,,,,,,,,,,,,,,,,,,,,,,,,,,,,,,,,,,,,,,,
387,P. do Sul / R. das Lajes / Piraí,,1732,1279,0.738452655889146,1279,0.738452655889146,358.7,,,,,,,,,,,,,,,,,,,,,,,,,,,,,,,,,,,,,,,,,,,,,,,,,,,,,,,,,,,,,,,,,,,,
388,Rio Doce,,1231,923,0.749796913078798,958,0.778229082047116,173.544,,,,,,,,,,,,,,,,,,,,,,,,,,,,,,,,,,,,,,,,,,,,,,,,,,,,,,,,,,,,,,,,,,,,
389,Rio Mucuri,,60,48,0.8,48,0.8,12,,,,,,,,,,,,,,,,,,,,,,,,,,,,,,,,,,,,,,,,,,,,,,,,,,,,,,,,,,,,,,,,,,,,
390,Rio Jequitinhonha,,828,302,0.364734299516908,302,0.364734299516908,76.9,,,,,,,,,,,,,,,,,,,,,,,,,,,,,,,,,,,,,,,,,,,,,,,,,,,,,,,,,,,,,,,,,,,,
391,Rio Paraguaçu,,162,0,0,0,0,0,,,,,,,,,,,,,,,,,,,,,,,,,,,,,,,,,,,,,,,,,,,,,,,,,,,,,,,,,,,,,,,,,,,,
392,Rio São Francisco,,10577,2296,0.217074784910655,3874,0.366266427153257,820.4,,,,,,,,,,,,,,,,,,,,,,,,,,,,,,,,,,,,,,,,,,,,,,,,,,,,,,,,,,,,,,,,,,,,
393,Rio Parnaíba,,225,123,0.546666666666667,123,0.546666666666667,4,,,,,,,,,,,,,,,,,,,,,,,,,,,,,,,,,,,,,,,,,,,,,,,,,,,,,,,,,,,,,,,,,,,,
394,Rio Tocantins,,12928,6762,0.523050742574257,7465,0.577428836633663,1190.5,,,,,,,,,,,,,,,,,,,,,,,,,,,,,,,,,,,,,,,,,,,,,,,,,,,,,,,,,,,,,,,,,,,,
395,Bacia do Amazonas,,23685,17853,0.753768207726409,18065,0.762719020477095,1266.44,,,,,,,,,,,,,,,,,,,,,,,,,,,,,,,,,,,,,,,,,,,,,,,,,,,,,,,,,,,,,,,,,,,,
396,Bacia do Iguaçu,,7301,3780,0.517737296260786,3780,0.517737296260786,1036.2,,,,,,,,,,,,,,,,,,,,,,,,,,,,,,,,,,,,,,,,,,,,,,,,,,,,,,,,,,,,,,,,,,,,
397,Rio Uruguai,,5899,3031,0.51381590100017,3080,0.522122393626038,743.6,,,,,,,,,,,,,,,,,,,,,,,,,,,,,,,,,,,,,,,,,,,,,,,,,,,,,,,,,,,,,,,,,,,,
398,Rio Jacuí,,1361,612,0.449669360764144,726,0.533431300514328,288.1,,,,,,,,,,,,,,,,,,,,,,,,,,,,,,,,,,,,,,,,,,,,,,,,,,,,,,,,,,,,,,,,,,,,
399,Rio Itajaí,,191,56,0.293193717277487,56,0.293193717277487,39.94,,,,,,,,,,,,,,,,,,,,,,,,,,,,,,,,,,,,,,,,,,,,,,,,,,,,,,,,,,,,,,,,,,,,
400,Rio Capivari,,260,77,0.296153846153846,77,0.296153846153846,53,,,,,,,,,,,,,,,,,,,,,,,,,,,,,,,,,,,,,,,,,,,,,,,,,,,,,,,,,,,,,,,,,,,,
401,São Paulo,,970,0,0,0,0,0,,,,,,,,,,,,,,,,,,,,,,,,,,,,,,,,,,,,,,,,,,,,,,,,,,,,,,,,,,,,,,,,,,,,
402,Rio de Janeiro,,10955,1692,0.15445002282063,1429,0.130442720219078,567.88,,,,,,,,,,,,,,,,,,,,,,,,,,,,,,,,,,,,,,,,,,,,,,,,,,,,,,,,,,,,,,,,,,,,
403,Espírito Santo,,601,0,0,0,0,0,,,,,,,,,,,,,,,,,,,,,,,,,,,,,,,,,,,,,,,,,,,,,,,,,,,,,,,,,,,,,,,,,,,,
404,Minas Gerais,,334,0,0,0,0,0,,,,,,,,,,,,,,,,,,,,,,,,,,,,,,,,,,,,,,,,,,,,,,,,,,,,,,,,,,,,,,,,,,,,
405,Goiás,,175,0,0,0,0,0,,,,,,,,,,,,,,,,,,,,,,,,,,,,,,,,,,,,,,,,,,,,,,,,,,,,,,,,,,,,,,,,,,,,
406,Mato Grosso,,506,0,0,0,0,0,,,,,,,,,,,,,,,,,,,,,,,,,,,,,,,,,,,,,,,,,,,,,,,,,,,,,,,,,,,,,,,,,,,,
407,AC/RO,,344,0,0,0,0,0,,,,,,,,,,,,,,,,,,,,,,,,,,,,,,,,,,,,,,,,,,,,,,,,,,,,,,,,,,,,,,,,,,,,
408,Rio Grande do Sul,,1582,0,0,0,0,0,,,,,,,,,,,,,,,,,,,,,,,,,,,,,,,,,,,,,,,,,,,,,,,,,,,,,,,,,,,,,,,,,,,,
409,Paraná,,484,0,0,0,0,0,,,,,,,,,,,,,,,,,,,,,,,,,,,,,,,,,,,,,,,,,,,,,,,,,,,,,,,,,,,,,,,,,,,,
410,Santa Catarina,,740,0,0,0,0,0,,,,,,,,,,,,,,,,,,,,,,,,,,,,,,,,,,,,,,,,,,,,,,,,,,,,,,,,,,,,,,,,,,,,
411,Mato Grosso do Sul,,172,0,0,0,0,0,,,,,,,,,,,,,,,,,,,,,,,,,,,,,,,,,,,,,,,,,,,,,,,,,,,,,,,,,,,,,,,,,,,,
412,Amazonas,,1315,735,0.55893536121673,735,0.55893536121673,163.602,,,,,,,,,,,,,,,,,,,,,,,,,,,,,,,,,,,,,,,,,,,,,,,,,,,,,,,,,,,,,,,,,,,,
413,Amapá,,0,0,,0,,0,,,,,,,,,,,,,,,,,,,,,,,,,,,,,,,,,,,,,,,,,,,,,,,,,,,,,,,,,,,,,,,,,,,,
414,Maranhão,,2562,0,0,0,0,0,,,,,,,,,,,,,,,,,,,,,,,,,,,,,,,,,,,,,,,,,,,,,,,,,,,,,,,,,,,,,,,,,,,,
415,Pará,,0,0,,0,,0,,,,,,,,,,,,,,,,,,,,,,,,,,,,,,,,,,,,,,,,,,,,,,,,,,,,,,,,,,,,,,,,,,,,
416,Bahia,,718,2,0.00278551532033426,2,0.00278551532033426,0,,,,,,,,,,,,,,,,,,,,,,,,,,,,,,,,,,,,,,,,,,,,,,,,,,,,,,,,,,,,,,,,,,,,
417,Pernambuco,,1593,0,0,0,0,0,,,,,,,,,,,,,,,,,,,,,,,,,,,,,,,,,,,,,,,,,,,,,,,,,,,,,,,,,,,,,,,,,,,,
418,Ceará,,1462,0,0,0,0,0,,,,,,,,,,,,,,,,,,,,,,,,,,,,,,,,,,,,,,,,,,,,,,,,,,,,,,,,,,,,,,,,,,,,
419,Rio Grande do Norte,,421,0,0,0,0,0,,,,,,,,,,,,,,,,,,,,,,,,,,,,,,,,,,,,,,,,,,,,,,,,,,,,,,,,,,,,,,,,,,,,
420,Paraíba,,509,0,0,0,0,0,,,,,,,,,,,,,,,,,,,,,,,,,,,,,,,,,,,,,,,,,,,,,,,,,,,,,,,,,,,,,,,,,,,,
421,Sergipe,,1514,0,0,0,0,0,,,,,,,,,,,,,,,,,,,,,,,,,,,,,,,,,,,,,,,,,,,,,,,,,,,,,,,,,,,,,,,,,,,,
422,Roraima,,0,0,,0,,0,,,,,,,,,,,,,,,,,,,,,,,,,,,,,,,,,,,,,,,,,,,,,,,,,,,,,,,,,,,,,,,,,,,,
423,Totais,,136705,64650,0.47291613327969,67114,0.490940346000512,,,,,,,,,,,,,,,,,,,,,,,,,,,,,,,,,,,,,,,,,,,,,,,,,,,,,,,,,,,,,,,,,,,,,
424,,,,Diferença:,,2464,0.0381129156999227,,,,,,,,,,,,,,,,,,,,,,,,,,,,,,,,,,,,,,,,,,,,,,,,,,,,,,,,,,,,,,,,,,,,,
425,,,,CONTA DA SWING OK,,,,,,,,,,,,,,,,,,,,,,,,,,,,,,,,,,,,,,,,,,,,,,,,,,,,,,,,,,,,,,,,,,,,,,,,
426,,,,,,,,,,,,,,,,,,,,,,,,,,,,,,,,,,,,,,,,,,,,,,,,,,,,,,,,,,,,,,,,,,,,,,,,,,,,
427,,,,,,,,,,,,,,,,,,,,,,,,,,,,,,,,,,,,,,,,,,,,,,,,,,,,,,,,,,,,,,,,,,,,,,,,,,,,
428,,,,,,,,,,,,,,,,,,,,,,,,,,,,,,,,,,,,,,,,,,,,,,,,,,,,,,,,,,,,,,,,,,,,,,,,,,,,
429,HB MW,695 MW,,,,,,,,,,,,,,,,,,,,,,,,,,,,,,,,,,,,,,,,,,,,,,,,,,,,,,,,,,,,,,,,,,,,,,,,,,
430,HB SINC,0 S),,,,,,,,,,,,,,,,,,,,,,,,,,,,,,,,,,,,,,,,,,,,,,,,,,,,,,,,,,,,,,,,,,,,,,,,,,
431,HB GER,(14 G / 0 S),,,,,,,,,,,,,,,,,,,,,,,,,,,,,,,,,,,,,,,,,,,,,,,,,,,,,,,,,,,,,,,,,,,,,,,,,,
432,UTE SP/PR MW,0 MW,,,,,,,,,,,,,,,,,,,,,,,,,,,,,,,,,,,,,,,,,,,,,,,,,,,,,,,,,,,,,,,,,,,,,,,,,,
433,UTE SP/PR GER,(0 G),,,,,,,,,,,,,,,,,,,,,,,,,,,,,,,,,,,,,,,,,,,,,,,,,,,,,,,,,,,,,,,,,,,,,,,,,,
434,UTE RJ MW,1429 MW,,,,,,,,,,,,,,,,,,,,,,,,,,,,,,,,,,,,,,,,,,,,,,,,,,,,,,,,,,,,,,,,,,,,,,,,,,
435,UTE RJ MW,(8 G),,,,,,,,,,,,,,,,,,,,,,,,,,,,,,,,,,,,,,,,,,,,,,,,,,,,,,,,,,,,,,,,,,,,,,,,,,
436,GER-Moni-RSE,2124 MW,,,,,,,,,,,,,,,,,,,,,,,,,,,,,,,,,,,,,,,,,,,,,,,,,,,,,,,,,,,,,,,,,,,,,,,,,,
437,,,,,,,,,,,,,,,,,,,,,,,,,,,,,,,,,,,,,,,,,,,,,,,,,,,,,,,,,,,,,,,,,,,,,,,,,,,,
438,inérica SECO,41,49,,,,,,,,,,,,,,,,,,,,,,,,,,,,,,,,,,,,,,,,,,,,,,,,,,,,,,,,,,,,,,,,,,,,,,,,,
439,G1 SUL,14,8,,,,,,,,,,,,,,,,,,,,,,,,,,,,,,,,,,,,,,,,,,,,,,,,,,,,,,,,,,,,,,,,,,,,,,,,,
440,G2 SUL,7,3,,,,,,,,,,,,,,,,,,,,,,,,,,,,,,,,,,,,,,,,,,,,,,,,,,,,,,,,,,,,,,,,,,,,,,,,,
441,G3 SUL,13,7,,,,,,,,,,,,,,,,,,,,,,,,,,,,,,,,,,,,,,,,,,,,,,,,,,,,,,,,,,,,,,,,,,,,,,,,,
442,G4 SUL,0,0,,,,,,,,,,,,,,,,,,,,,,,,,,,,,,,,,,,,,,,,,,,,,,,,,,,,,,,,,,,,,,,,,,,,,,,,,
443,,,,,,,,,,,,,,,,,,,,,,,,,,,,,,,,,,,,,,,,,,,,,,,,,,,,,,,,,,,,,,,,,,,,,,,,,,,,
444,Fator Norte,13.6,,,,,,,,,,,,,,,,,,,,,,,,,,,,,,,,,,,,,,,,,,,,,,,,,,,,,,,,,,,,,,,,,,,,,,,,,,
445,Belo Monte,9 G / - S,,,,,,,,,,,,,,,,,,,,,,,,,,,,,,,,,,,,,,,,,,,,,,,,,,,,,,,,,,,,,,,,,,,,,,,,,,
446,Tucuruí,8 G / 1 S,,,,,,,,,,,,,,,,,,,,,,,,,,,,,,,,,,,,,,,,,,,,,,,,,,,,,,,,,,,,,,,,,,,,,,,,,,
447,Estreito,2 G,,,,,,,,,,,,,,,,,,,,,,,,,,,,,,,,,,,,,,,,,,,,,,,,,,,,,,,,,,,,,,,,,,,,,,,,,,
448,Serra da Mesa,601 MW (3 G / 1 S),,,,,,,,,,,,,,,,,,,,,,,,,,,,,,,,,,,,,,,,,,,,,,,,,,,,,,,,,,,,,,,,,,,,,,,,,,
449,Lajeado,5 G,,,,,,,,,,,,,,,,,,,,,,,,,,,,,,,,,,,,,,,,,,,,,,,,,,,,,,,,,,,,,,,,,,,,,,,,,,
450,Peixe Angical,2 G,,,,,,,,,,,,,,,,,,,,,,,,,,,,,,,,,,,,,,,,,,,,,,,,,,,,,,,,,,,,,,,,,,,,,,,,,,
451,Lajeado / Peixe,5 G / 2 G,,,,,,,,,,,,,,,,,,,,,,,,,,,,,,,,,,,,,,,,,,,,,,,,,,,,,,,,,,,,,,,,,,,,,,,,,,
