{"C": 0.032166794828257704, "L": 0.7132022016297257, "R": 7.101848296318931}